s,d_s,theta_1,d_theta_1,theta_2,d_theta_2,u,time,T,desired_s,error_s,desired_d_s,error_d_s,desired_theta_1,error_theta_1,desired_d_theta_1,error_d_theta_1,desired_theta_2,error_theta_2,desired_d_theta_2,error_d_theta_2,desired_u
-0.04580402855343131,0.0,0.8259025024408118,0.0,-0.7014732078711896,0.0,0.0,0.0,0.029396405103509746,0.0,0.0,0.0,0.0,0.0,0.0,0.0,0.0,0.0,0.0,0.0,0.0,0.0
0.0,0.0,0.0,0.0,0.0,0.0,0.0,0.9065592000006291,-0.0,0.0,0.0,0.0,0.0,0.0,0.0,0.0,0.0,0.0,0.0,0.0,0.0,0.0
0.0,0.0,3.1032431338926525,310.3243133892652,0.0,0.0,0.0,0.9580996000004234,-5.782324275396364,0.0,0.0,0.0,0.0,0.0,0.0,0.0,0.0,0.0,0.0,0.0,0.0,0.0
0.0,0.0,3.1017091531047667,-0.15339807878858025,0.0,0.0,0.0,0.9594691999991483,-0.003298503359915246,0.0,0.0,0.0,0.0,0.0,0.0,0.0,0.0,0.0,0.0,0.0,0.0,0.0
0.0,0.0,3.1017091531047667,0.0,0.0,0.0,0.0,0.9655759999986913,-0.0032830392694971444,0.0,0.0,0.0,0.0,0.0,0.0,0.0,0.0,0.0,0.0,0.0,0.0,0.0
0.0,0.0,3.1017091531047667,0.0,0.0,0.0,0.0,0.9754144999969867,-0.0032830392694971444,0.0,0.0,0.0,0.0,0.0,0.0,0.0,0.0,0.0,0.0,0.0,0.0,0.0
0.0,0.0,3.1017091531047667,0.0,0.0,0.0,0.0,0.9852806999988388,-0.0032830392694971444,0.0,0.0,0.0,0.0,0.0,0.0,0.0,0.0,0.0,0.0,0.0,0.0,0.0
0.0,0.0,3.1017091531047667,0.0,0.0,0.0,0.0,0.9950401999994938,-0.0032830392694971444,0.0,0.0,0.0,0.0,0.0,0.0,0.0,0.0,0.0,0.0,0.0,0.0,0.0
0.0,0.0,3.1017091531047667,0.0,0.0,0.0,0.0,1.0047632999994676,-0.0032830392694971444,0.0,0.0,0.0,0.0,0.0,0.0,0.0,0.0,0.0,0.0,0.0,0.0,0.0
0.0,0.0,3.1017091531047667,0.0,0.0,0.0,0.0,1.0144803999974101,-0.0032830392694971444,0.0,0.0,0.0,0.0,0.0,0.0,0.0,0.0,0.0,0.0,0.0,0.0,0.0
0.0,0.0,3.1017091531047667,0.0,0.0,0.0,0.0,1.0243395999968925,-0.0032830392694971444,0.0,0.0,0.0,0.0,0.0,0.0,0.0,0.0,0.0,0.0,0.0,0.0,0.0
0.0,0.0,3.1017091531047667,0.0,0.0,0.0,0.0,1.0342012999972212,-0.0032830392694971444,0.0,0.0,0.0,0.0,0.0,0.0,0.0,0.0,0.0,0.0,0.0,0.0,0.0
0.0,0.0,3.1017091531047667,0.0,0.0,0.0,0.0,1.0439895999988948,-0.0032830392694971444,0.0,0.0,0.0,0.0,0.0,0.0,0.0,0.0,0.0,0.0,0.0,0.0,0.0
0.0,0.0,3.1017091531047667,0.0,0.0,0.0,0.0,1.0537089999961609,-0.0032830392694971444,0.0,0.0,0.0,0.0,0.0,0.0,0.0,0.0,0.0,0.0,0.0,0.0,0.0
0.0,0.0,3.1017091531047667,0.0,0.0,0.0,0.0,1.0635616999970807,-0.0032830392694971444,0.0,0.0,0.0,0.0,0.0,0.0,0.0,0.0,0.0,0.0,0.0,0.0,0.0
0.0,0.0,3.1017091531047667,0.0,0.0,0.0,0.0,1.0733481999959622,-0.0032830392694971444,0.0,0.0,0.0,0.0,0.0,0.0,0.0,0.0,0.0,0.0,0.0,0.0,0.0
0.0,0.0,3.1017091531047667,0.0,0.0,0.0,0.0,1.0830198999974527,-0.0032830392694971444,0.0,0.0,0.0,0.0,0.0,0.0,0.0,0.0,0.0,0.0,0.0,0.0,0.0
0.0,0.0,3.1017091531047667,0.0,0.0,0.0,0.0,1.0927111999990302,-0.0032830392694971444,0.0,0.0,0.0,0.0,0.0,0.0,0.0,0.0,0.0,0.0,0.0,0.0,0.0
0.0,0.0,3.1017091531047667,0.0,0.0,0.0,0.0,1.1025742999991053,-0.0032830392694971444,0.0,0.0,0.0,0.0,0.0,0.0,0.0,0.0,0.0,0.0,0.0,0.0,0.0
0.0,0.0,3.1017091531047667,0.0,0.0,0.0,0.0,1.1123433999964618,-0.0032830392694971444,0.0,0.0,0.0,0.0,0.0,0.0,0.0,0.0,0.0,0.0,0.0,0.0,0.0
0.0,0.0,3.100175172316881,-0.15339807878858025,0.0,0.0,0.0,1.1222700999969675,-0.003424363463177679,0.0,0.0,0.0,0.0,0.0,0.0,0.0,0.0,0.0,0.0,0.0,0.0,0.0
0.0,0.0,3.1017091531047667,0.15339807878858025,0.0,0.0,0.0,1.1320004999979574,-0.0032705265712664844,0.0,0.0,0.0,0.0,0.0,0.0,0.0,0.0,0.0,0.0,0.0,0.0,0.0
0.0,0.0,3.1017091531047667,0.0,0.0,0.0,0.0,1.1417593999976816,-0.0032830392694971444,0.0,0.0,0.0,0.0,0.0,0.0,0.0,0.0,0.0,0.0,0.0,0.0,0.0
0.0,0.0,3.1017091531047667,0.0,0.0,0.0,0.0,1.1515230999975756,-0.0032830392694971444,0.0,0.0,0.0,0.0,0.0,0.0,0.0,0.0,0.0,0.0,0.0,0.0,0.0
0.0,0.0,3.1017091531047667,0.0,0.0,0.0,0.0,1.161486099998001,-0.0032830392694971444,0.0,0.0,0.0,0.0,0.0,0.0,0.0,0.0,0.0,0.0,0.0,0.0,0.0
0.0,0.0,3.1017091531047667,0.0,0.0,0.0,0.0,1.171173299997463,-0.0032830392694971444,0.0,0.0,0.0,0.0,0.0,0.0,0.0,0.0,0.0,0.0,0.0,0.0,0.0
0.0,0.0,3.1017091531047667,0.0,0.0,0.0,0.0,1.1808886999970127,-0.0032830392694971444,0.0,0.0,0.0,0.0,0.0,0.0,0.0,0.0,0.0,0.0,0.0,0.0,0.0
0.0,0.0,3.1017091531047667,0.0,0.0,0.0,0.0,1.1906144999957178,-0.0032830392694971444,0.0,0.0,0.0,0.0,0.0,0.0,0.0,0.0,0.0,0.0,0.0,0.0,0.0
0.0,0.0,3.1017091531047667,0.0,0.0,0.0,0.0,1.200492199997825,-0.0032830392694971444,0.0,0.0,0.0,0.0,0.0,0.0,0.0,0.0,0.0,0.0,0.0,0.0,0.0
0.0,0.0,3.1017091531047667,0.0,0.0,0.0,0.0,1.2103020999966247,-0.0032830392694971444,0.0,0.0,0.0,0.0,0.0,0.0,0.0,0.0,0.0,0.0,0.0,0.0,0.0
0.0,0.0,3.1017091531047667,0.0,0.0,0.0,0.0,1.2201671999973769,-0.0032830392694971444,0.0,0.0,0.0,0.0,0.0,0.0,0.0,0.0,0.0,0.0,0.0,0.0,0.0
0.0,0.0,3.1017091531047667,0.0,0.0,0.0,0.0,1.2300581999952556,-0.0032830392694971444,0.0,0.0,0.0,0.0,0.0,0.0,0.0,0.0,0.0,0.0,0.0,0.0,0.0
0.0,0.0,3.1017091531047667,0.0,0.0,0.0,0.0,1.2398738999945635,-0.0032830392694971444,0.0,0.0,0.0,0.0,0.0,0.0,0.0,0.0,0.0,0.0,0.0,0.0,0.0
0.0,0.0,3.1017091531047667,0.0,0.0,0.0,0.0,1.249715499994636,-0.0032830392694971444,0.0,0.0,0.0,0.0,0.0,0.0,0.0,0.0,0.0,0.0,0.0,0.0,0.0
0.0,0.0,3.1017091531047667,0.0,0.0,0.0,0.0,1.2595599999949627,-0.0032830392694971444,0.0,0.0,0.0,0.0,0.0,0.0,0.0,0.0,0.0,0.0,0.0,0.0,0.0
0.0,0.0,3.1017091531047667,0.0,0.0,0.0,0.0,1.2693637999946077,-0.0032830392694971444,0.0,0.0,0.0,0.0,0.0,0.0,0.0,0.0,0.0,0.0,0.0,0.0,0.0
0.0,0.0,3.1017091531047667,0.0,0.0,0.0,0.0,1.2792399999925692,-0.0032830392694971444,0.0,0.0,0.0,0.0,0.0,0.0,0.0,0.0,0.0,0.0,0.0,0.0,0.0
0.0,0.0,3.1017091531047667,0.0,0.0,0.0,0.0,1.2888862999934645,-0.0032830392694971444,0.0,0.0,0.0,0.0,0.0,0.0,0.0,0.0,0.0,0.0,0.0,0.0,0.0
0.0,0.0,3.1017091531047667,0.0,0.0,0.0,0.0,1.2988223999927868,-0.0032830392694971444,0.0,0.0,0.0,0.0,0.0,0.0,0.0,0.0,0.0,0.0,0.0,0.0,0.0
0.0,0.0,3.1017091531047667,0.0,0.0,0.0,0.0,1.3085979999923438,-0.0032830392694971444,0.0,0.0,0.0,0.0,0.0,0.0,0.0,0.0,0.0,0.0,0.0,0.0,0.0
0.0,0.0,3.1017091531047667,0.0,0.0,0.0,0.0,1.3185052999906475,-0.0032830392694971444,0.0,0.0,0.0,0.0,0.0,0.0,0.0,0.0,0.0,0.0,0.0,0.0,0.0
0.0,0.0,3.1017091531047667,0.0,0.0,0.0,0.0,1.3283302999916486,-0.0032830392694971444,0.0,0.0,0.0,0.0,0.0,0.0,0.0,0.0,0.0,0.0,0.0,0.0,0.0
0.0,0.0,3.1017091531047667,0.0,0.0,0.0,0.0,1.338186199991469,-0.0032830392694971444,0.0,0.0,0.0,0.0,0.0,0.0,0.0,0.0,0.0,0.0,0.0,0.0,0.0
0.0,0.0,3.1017091531047667,0.0,0.0,0.0,0.0,1.3480238999909488,-0.0032830392694971444,0.0,0.0,0.0,0.0,0.0,0.0,0.0,0.0,0.0,0.0,0.0,0.0,0.0
0.0,0.0,3.1017091531047667,0.0,0.0,0.0,0.0,1.3578958999933093,-0.0032830392694971444,0.0,0.0,0.0,0.0,0.0,0.0,0.0,0.0,0.0,0.0,0.0,0.0,0.0
0.0,0.0,3.1017091531047667,0.0,0.0,0.0,0.0,1.3677237999909266,-0.0032830392694971444,0.0,0.0,0.0,0.0,0.0,0.0,0.0,0.0,0.0,0.0,0.0,0.0,0.0
0.0,0.0,3.1017091531047667,0.0,0.0,0.0,0.0,1.3774510999901395,-0.0032830392694971444,0.0,0.0,0.0,0.0,0.0,0.0,0.0,0.0,0.0,0.0,0.0,0.0,0.0
0.0,0.0,3.1017091531047667,0.0,0.0,0.0,0.0,1.387187599990284,-0.0032830392694971444,0.0,0.0,0.0,0.0,0.0,0.0,0.0,0.0,0.0,0.0,0.0,0.0,0.0
0.0,0.0,3.1017091531047667,0.0,0.0,0.0,0.0,1.3970866999916325,-0.0032830392694971444,0.0,0.0,0.0,0.0,0.0,0.0,0.0,0.0,0.0,0.0,0.0,0.0,0.0
0.0,0.0,3.1017091531047667,0.0,0.0,0.0,0.0,1.4068763999894145,-0.0032830392694971444,0.0,0.0,0.0,0.0,0.0,0.0,0.0,0.0,0.0,0.0,0.0,0.0,0.0
0.0,0.0,3.1017091531047667,0.0,0.0,0.0,0.0,1.4167292999918573,-0.0032830392694971444,0.0,0.0,0.0,0.0,0.0,0.0,0.0,0.0,0.0,0.0,0.0,0.0,0.0
0.0,0.0,3.1017091531047667,0.0,0.0,0.0,0.0,1.4266032999912568,-0.0032830392694971444,0.0,0.0,0.0,0.0,0.0,0.0,0.0,0.0,0.0,0.0,0.0,0.0,0.0
0.0,0.0,3.1017091531047667,0.0,0.0,0.0,0.0,1.4364532999934454,-0.0032830392694971444,0.0,0.0,0.0,0.0,0.0,0.0,0.0,0.0,0.0,0.0,0.0,0.0,0.0
0.0,0.0,3.1017091531047667,0.0,0.0,0.0,0.0,1.4462667999941914,-0.0032830392694971444,0.0,0.0,0.0,0.0,0.0,0.0,0.0,0.0,0.0,0.0,0.0,0.0,0.0
0.0,0.0,3.1017091531047667,0.0,0.0,0.0,0.0,1.4561666999943554,-0.0032830392694971444,0.0,0.0,0.0,0.0,0.0,0.0,0.0,0.0,0.0,0.0,0.0,0.0,0.0
0.0,0.0,3.1017091531047667,0.0,0.0,0.0,0.0,1.4660023999967962,-0.0032830392694971444,0.0,0.0,0.0,0.0,0.0,0.0,0.0,0.0,0.0,0.0,0.0,0.0,0.0
0.0,0.0,3.1017091531047667,0.0,0.0,0.0,0.0,1.4757400999988022,-0.0032830392694971444,0.0,0.0,0.0,0.0,0.0,0.0,0.0,0.0,0.0,0.0,0.0,0.0,0.0
0.0,0.0,3.1017091531047667,0.0,0.0,0.0,0.0,1.4855115999998816,-0.0032830392694971444,0.0,0.0,0.0,0.0,0.0,0.0,0.0,0.0,0.0,0.0,0.0,0.0,0.0
0.0,0.0,3.1017091531047667,0.0,0.0,0.0,0.0,1.4952755000012985,-0.0032830392694971444,0.0,0.0,0.0,0.0,0.0,0.0,0.0,0.0,0.0,0.0,0.0,0.0,0.0
0.0,0.0,3.1017091531047667,0.0,0.0,0.0,0.0,1.5051045000036538,-0.0032830392694971444,0.0,0.0,0.0,0.0,0.0,0.0,0.0,0.0,0.0,0.0,0.0,0.0,0.0
0.0,0.0,3.1017091531047667,0.0,0.0,0.0,0.0,1.515003100004833,-0.0032830392694971444,0.0,0.0,0.0,0.0,0.0,0.0,0.0,0.0,0.0,0.0,0.0,0.0,0.0
0.0,0.0,3.100175172316881,-0.15339807878858025,0.0,0.0,0.0,1.5250083000064478,-0.003424363463177679,0.0,0.0,0.0,0.0,0.0,0.0,0.0,0.0,0.0,0.0,0.0,0.0,0.0
0.0,0.0,3.1017091531047667,0.15339807878858025,0.0,0.0,0.0,1.5346380000046338,-0.0032705265712664844,0.0,0.0,0.0,0.0,0.0,0.0,0.0,0.0,0.0,0.0,0.0,0.0,0.0
0.0,0.0,3.1017091531047667,0.0,0.0,0.0,0.0,1.5445253000034427,-0.0032830392694971444,0.0,0.0,0.0,0.0,0.0,0.0,0.0,0.0,0.0,0.0,0.0,0.0,0.0
0.0,0.0,3.1017091531047667,0.0,0.0,0.0,0.0,1.5544145000021672,-0.0032830392694971444,0.0,0.0,0.0,0.0,0.0,0.0,0.0,0.0,0.0,0.0,0.0,0.0,0.0
0.0,0.0,3.1017091531047667,0.0,0.0,0.0,0.0,1.5642058000012184,-0.0032830392694971444,0.0,0.0,0.0,0.0,0.0,0.0,0.0,0.0,0.0,0.0,0.0,0.0,0.0
0.0,0.0,3.1017091531047667,0.0,0.0,0.0,0.0,1.5740665000012086,-0.0032830392694971444,0.0,0.0,0.0,0.0,0.0,0.0,0.0,0.0,0.0,0.0,0.0,0.0,0.0
0.0,0.0,3.1017091531047667,0.0,0.0,0.0,0.0,1.5837774999999965,-0.0032830392694971444,0.0,0.0,0.0,0.0,0.0,0.0,0.0,0.0,0.0,0.0,0.0,0.0,0.0
0.0,0.0,3.1017091531047667,0.0,0.0,0.0,0.0,1.5936877000021923,-0.0032830392694971444,0.0,0.0,0.0,0.0,0.0,0.0,0.0,0.0,0.0,0.0,0.0,0.0,0.0
0.0,0.0,3.1017091531047667,0.0,0.0,0.0,0.0,1.6034773000028508,-0.0032830392694971444,0.0,0.0,0.0,0.0,0.0,0.0,0.0,0.0,0.0,0.0,0.0,0.0,0.0
0.0,0.0,3.1017091531047667,0.0,0.0,0.0,0.0,1.6133509000028425,-0.0032830392694971444,0.0,0.0,0.0,0.0,0.0,0.0,0.0,0.0,0.0,0.0,0.0,0.0,0.0
0.0,0.0,3.1017091531047667,0.0,0.0,0.0,0.0,1.623247600004106,-0.0032830392694971444,0.0,0.0,0.0,0.0,0.0,0.0,0.0,0.0,0.0,0.0,0.0,0.0,0.0
0.0,0.0,3.1017091531047667,0.0,0.0,0.0,0.0,1.633118400004605,-0.0032830392694971444,0.0,0.0,0.0,0.0,0.0,0.0,0.0,0.0,0.0,0.0,0.0,0.0,0.0
0.0,0.0,3.1017091531047667,0.0,0.0,0.0,0.0,1.6429594000037469,-0.0032830392694971444,0.0,0.0,0.0,0.0,0.0,0.0,0.0,0.0,0.0,0.0,0.0,0.0,0.0
0.0,0.0,3.1017091531047667,0.0,0.0,0.0,0.0,1.6529353000041738,-0.0032830392694971444,0.0,0.0,0.0,0.0,0.0,0.0,0.0,0.0,0.0,0.0,0.0,0.0,0.0
0.0,0.0,3.1017091531047667,0.0,0.0,0.0,0.0,2.04277820000425,-0.0032830392694971444,0.0,0.0,0.0,0.0,0.0,0.0,0.0,0.0,0.0,0.0,0.0,0.0,0.0
0.0,0.0,3.1017091531047667,0.0,0.0,0.0,0.0,2.044191100005264,-0.0032830392694971444,0.0,0.0,0.0,0.0,0.0,0.0,0.0,0.0,0.0,0.0,0.0,0.0,0.0
0.0,0.0,3.1017091531047667,0.0,0.0,0.0,0.0,2.0522381000046153,-0.0032830392694971444,0.0,0.0,0.0,0.0,0.0,0.0,0.0,0.0,0.0,0.0,0.0,0.0,0.0
0.0,0.0,3.1017091531047667,0.0,0.0,0.0,0.0,2.0620858000038425,-0.0032830392694971444,0.0,0.0,0.0,0.0,0.0,0.0,0.0,0.0,0.0,0.0,0.0,0.0,0.0
0.0,0.0,3.1017091531047667,0.0,0.0,0.0,0.0,2.071948800003156,-0.0032830392694971444,0.0,0.0,0.0,0.0,0.0,0.0,0.0,0.0,0.0,0.0,0.0,0.0,0.0
0.0,0.0,3.1017091531047667,0.0,0.0,0.0,0.0,2.081836100005603,-0.0032830392694971444,0.0,0.0,0.0,0.0,0.0,0.0,0.0,0.0,0.0,0.0,0.0,0.0,0.0
0.0,0.0,3.1017091531047667,0.0,0.0,0.0,0.0,2.0916967000084696,-0.0032830392694971444,0.0,0.0,0.0,0.0,0.0,0.0,0.0,0.0,0.0,0.0,0.0,0.0,0.0
0.0,0.0,3.1017091531047667,0.0,0.0,0.0,0.0,2.101582100007363,-0.0032830392694971444,0.0,0.0,0.0,0.0,0.0,0.0,0.0,0.0,0.0,0.0,0.0,0.0,0.0
0.0,0.0,3.1017091531047667,0.0,0.0,0.0,0.0,2.111502900006599,-0.0032830392694971444,0.0,0.0,0.0,0.0,0.0,0.0,0.0,0.0,0.0,0.0,0.0,0.0,0.0
0.0,0.0,3.1017091531047667,0.0,0.0,0.0,0.0,2.1214248000069347,-0.0032830392694971444,0.0,0.0,0.0,0.0,0.0,0.0,0.0,0.0,0.0,0.0,0.0,0.0,0.0
0.0,0.0,3.1017091531047667,0.0,0.0,0.0,0.0,2.1313401000079466,-0.0032830392694971444,0.0,0.0,0.0,0.0,0.0,0.0,0.0,0.0,0.0,0.0,0.0,0.0,0.0
0.0,0.0,3.1017091531047667,0.0,0.0,0.0,0.0,2.1412591000080283,-0.0032830392694971444,0.0,0.0,0.0,0.0,0.0,0.0,0.0,0.0,0.0,0.0,0.0,0.0,0.0
0.0,0.0,3.1017091531047667,0.0,0.0,0.0,0.0,2.1511734000087017,-0.0032830392694971444,0.0,0.0,0.0,0.0,0.0,0.0,0.0,0.0,0.0,0.0,0.0,0.0,0.0
0.0,0.0,3.1017091531047667,0.0,0.0,0.0,0.0,2.1610882000095444,-0.0032830392694971444,0.0,0.0,0.0,0.0,0.0,0.0,0.0,0.0,0.0,0.0,0.0,0.0,0.0
0.0,0.0,3.1017091531047667,0.0,0.0,0.0,0.0,2.171014900006412,-0.0032830392694971444,0.0,0.0,0.0,0.0,0.0,0.0,0.0,0.0,0.0,0.0,0.0,0.0,0.0
0.0,0.0,3.1017091531047667,0.0,0.0,0.0,0.0,2.180932000006578,-0.0032830392694971444,0.0,0.0,0.0,0.0,0.0,0.0,0.0,0.0,0.0,0.0,0.0,0.0,0.0
0.0,0.0,3.1017091531047667,0.0,0.0,0.0,0.0,2.1908458000070823,-0.0032830392694971444,0.0,0.0,0.0,0.0,0.0,0.0,0.0,0.0,0.0,0.0,0.0,0.0,0.0
0.0,0.0,3.1017091531047667,0.0,0.0,0.0,0.0,2.20073950000733,-0.0032830392694971444,0.0,0.0,0.0,0.0,0.0,0.0,0.0,0.0,0.0,0.0,0.0,0.0,0.0
0.0,0.0,3.1017091531047667,0.0,0.0,0.0,0.0,2.2106357000084245,-0.0032830392694971444,0.0,0.0,0.0,0.0,0.0,0.0,0.0,0.0,0.0,0.0,0.0,0.0,0.0
0.0,0.0,3.1017091531047667,0.0,0.0,0.0,0.0,2.220541400009097,-0.0032830392694971444,0.0,0.0,0.0,0.0,0.0,0.0,0.0,0.0,0.0,0.0,0.0,0.0,0.0
0.0,0.0,3.1017091531047667,0.0,0.0,0.0,0.0,2.230434700009937,-0.0032830392694971444,0.0,0.0,0.0,0.0,0.0,0.0,0.0,0.0,0.0,0.0,0.0,0.0,0.0
0.0,0.0,3.1017091531047667,0.0,0.0,0.0,0.0,2.2403391000079864,-0.0032830392694971444,0.0,0.0,0.0,0.0,0.0,0.0,0.0,0.0,0.0,0.0,0.0,0.0,0.0
0.0,0.0,3.1017091531047667,0.0,0.0,0.0,0.0,2.2502589000068838,-0.0032830392694971444,0.0,0.0,0.0,0.0,0.0,0.0,0.0,0.0,0.0,0.0,0.0,0.0,0.0
0.0,0.0,3.1017091531047667,0.0,0.0,0.0,0.0,2.2601530000065395,-0.0032830392694971444,0.0,0.0,0.0,0.0,0.0,0.0,0.0,0.0,0.0,0.0,0.0,0.0,0.0
0.0,0.0,3.1017091531047667,0.0,0.0,0.0,0.0,2.2700441000051796,-0.0032830392694971444,0.0,0.0,0.0,0.0,0.0,0.0,0.0,0.0,0.0,0.0,0.0,0.0,0.0
0.0,0.0,3.1017091531047667,0.0,0.0,0.0,0.0,2.2799462000039057,-0.0032830392694971444,0.0,0.0,0.0,0.0,0.0,0.0,0.0,0.0,0.0,0.0,0.0,0.0,0.0
0.0,0.0,3.1017091531047667,0.0,0.0,0.0,0.0,2.2898328000010224,-0.0032830392694971444,0.0,0.0,0.0,0.0,0.0,0.0,0.0,0.0,0.0,0.0,0.0,0.0,0.0
0.0,0.0,3.1017091531047667,0.0,0.0,0.0,0.0,2.2996205000017653,-0.0032830392694971444,0.0,0.0,0.0,0.0,0.0,0.0,0.0,0.0,0.0,0.0,0.0,0.0,0.0
0.0,0.0,3.1017091531047667,0.0,0.0,0.0,0.0,2.309530700000323,-0.0032830392694971444,0.0,0.0,0.0,0.0,0.0,0.0,0.0,0.0,0.0,0.0,0.0,0.0,0.0
0.0,0.0,3.1017091531047667,0.0,0.0,0.0,0.0,2.3194110000004002,-0.0032830392694971444,0.0,0.0,0.0,0.0,0.0,0.0,0.0,0.0,0.0,0.0,0.0,0.0,0.0
0.0,0.0,3.1017091531047667,0.0,0.0,0.0,0.0,2.329313899997942,-0.0032830392694971444,0.0,0.0,0.0,0.0,0.0,0.0,0.0,0.0,0.0,0.0,0.0,0.0,0.0
0.0,0.0,3.1017091531047667,0.0,0.0,0.0,0.0,2.339198199995735,-0.0032830392694971444,0.0,0.0,0.0,0.0,0.0,0.0,0.0,0.0,0.0,0.0,0.0,0.0,0.0
0.0,0.0,3.1017091531047667,0.0,0.0,0.0,0.0,2.34906829999818,-0.0032830392694971444,0.0,0.0,0.0,0.0,0.0,0.0,0.0,0.0,0.0,0.0,0.0,0.0,0.0
0.0,0.0,3.1017091531047667,0.0,0.0,0.0,0.0,2.3589774999963993,-0.0032830392694971444,0.0,0.0,0.0,0.0,0.0,0.0,0.0,0.0,0.0,0.0,0.0,0.0,0.0
0.0,0.0,3.1017091531047667,0.0,0.0,0.0,0.0,2.3688703999941936,-0.0032830392694971444,0.0,0.0,0.0,0.0,0.0,0.0,0.0,0.0,0.0,0.0,0.0,0.0,0.0
0.0,0.0,3.1017091531047667,0.0,0.0,0.0,0.0,2.3787829999928363,-0.0032830392694971444,0.0,0.0,0.0,0.0,0.0,0.0,0.0,0.0,0.0,0.0,0.0,0.0,0.0
0.0,0.0,3.1017091531047667,0.0,0.0,0.0,0.0,2.388631299992994,-0.0032830392694971444,0.0,0.0,0.0,0.0,0.0,0.0,0.0,0.0,0.0,0.0,0.0,0.0,0.0
0.0,0.0,3.1017091531047667,0.0,0.0,0.0,0.0,2.3985171999920567,-0.0032830392694971444,0.0,0.0,0.0,0.0,0.0,0.0,0.0,0.0,0.0,0.0,0.0,0.0,0.0
0.0,0.0,3.1017091531047667,0.0,0.0,0.0,0.0,2.4084469999907014,-0.0032830392694971444,0.0,0.0,0.0,0.0,0.0,0.0,0.0,0.0,0.0,0.0,0.0,0.0,0.0
0.0,0.0,3.1017091531047667,0.0,0.0,0.0,0.0,2.4183483999913733,-0.0032830392694971444,0.0,0.0,0.0,0.0,0.0,0.0,0.0,0.0,0.0,0.0,0.0,0.0,0.0
0.0,0.0,3.1017091531047667,0.0,0.0,0.0,0.0,2.4282516999919608,-0.0032830392694971444,0.0,0.0,0.0,0.0,0.0,0.0,0.0,0.0,0.0,0.0,0.0,0.0,0.0
0.0,0.0,3.1017091531047667,0.0,0.0,0.0,0.0,2.43817809999382,-0.0032830392694971444,0.0,0.0,0.0,0.0,0.0,0.0,0.0,0.0,0.0,0.0,0.0,0.0,0.0
0.0,0.0,3.1017091531047667,0.0,0.0,0.0,0.0,2.448095999992802,-0.0032830392694971444,0.0,0.0,0.0,0.0,0.0,0.0,0.0,0.0,0.0,0.0,0.0,0.0,0.0
0.0,0.0,3.1017091531047667,0.0,0.0,0.0,0.0,2.4580294999941543,-0.0032830392694971444,0.0,0.0,0.0,0.0,0.0,0.0,0.0,0.0,0.0,0.0,0.0,0.0,0.0
0.0,0.0,3.1017091531047667,0.0,0.0,0.0,0.0,2.467898199993215,-0.0032830392694971444,0.0,0.0,0.0,0.0,0.0,0.0,0.0,0.0,0.0,0.0,0.0,0.0,0.0
0.0,0.0,3.1017091531047667,0.0,0.0,0.0,0.0,2.4778246999921976,-0.0032830392694971444,0.0,0.0,0.0,0.0,0.0,0.0,0.0,0.0,0.0,0.0,0.0,0.0,0.0
0.0,0.0,3.1017091531047667,0.0,0.0,0.0,0.0,2.487677699991764,-0.0032830392694971444,0.0,0.0,0.0,0.0,0.0,0.0,0.0,0.0,0.0,0.0,0.0,0.0,0.0
0.0,0.0,3.1017091531047667,0.0,0.0,0.0,0.0,2.4975594999923487,-0.0032830392694971444,0.0,0.0,0.0,0.0,0.0,0.0,0.0,0.0,0.0,0.0,0.0,0.0,0.0
0.0,0.0,3.1017091531047667,0.0,0.0,0.0,0.0,2.5074617999925977,-0.0032830392694971444,0.0,0.0,0.0,0.0,0.0,0.0,0.0,0.0,0.0,0.0,0.0,0.0,0.0
0.0,0.0,3.1017091531047667,0.0,0.0,0.0,0.0,2.5173270999912347,-0.0032830392694971444,0.0,0.0,0.0,0.0,0.0,0.0,0.0,0.0,0.0,0.0,0.0,0.0,0.0
0.0,0.0,3.1017091531047667,0.0,0.0,0.0,0.0,2.527240299990808,-0.0032830392694971444,0.0,0.0,0.0,0.0,0.0,0.0,0.0,0.0,0.0,0.0,0.0,0.0,0.0
0.0,0.0,3.1017091531047667,0.0,0.0,0.0,0.0,2.537141499989957,-0.0032830392694971444,0.0,0.0,0.0,0.0,0.0,0.0,0.0,0.0,0.0,0.0,0.0,0.0,0.0
0.0,0.0,3.1017091531047667,0.0,0.0,0.0,0.0,2.547011599988764,-0.0032830392694971444,0.0,0.0,0.0,0.0,0.0,0.0,0.0,0.0,0.0,0.0,0.0,0.0,0.0
0.0,0.0,3.1017091531047667,0.0,0.0,0.0,0.0,2.5569248999890988,-0.0032830392694971444,0.0,0.0,0.0,0.0,0.0,0.0,0.0,0.0,0.0,0.0,0.0,0.0,0.0
0.0,0.0,3.1017091531047667,0.0,0.0,0.0,0.0,2.5668421999907878,-0.0032830392694971444,0.0,0.0,0.0,0.0,0.0,0.0,0.0,0.0,0.0,0.0,0.0,0.0,0.0
0.0,0.0,3.1017091531047667,0.0,0.0,0.0,0.0,2.5767093999893405,-0.0032830392694971444,0.0,0.0,0.0,0.0,0.0,0.0,0.0,0.0,0.0,0.0,0.0,0.0,0.0
0.0,0.0,3.1017091531047667,0.0,0.0,0.0,0.0,2.586552999986452,-0.0032830392694971444,0.0,0.0,0.0,0.0,0.0,0.0,0.0,0.0,0.0,0.0,0.0,0.0,0.0
0.0,0.0,3.1017091531047667,0.0,0.0,0.0,0.0,2.596460999986448,-0.0032830392694971444,0.0,0.0,0.0,0.0,0.0,0.0,0.0,0.0,0.0,0.0,0.0,0.0,0.0
0.0,0.0,3.1017091531047667,0.0,0.0,0.0,0.0,2.606360899986612,-0.0032830392694971444,0.0,0.0,0.0,0.0,0.0,0.0,0.0,0.0,0.0,0.0,0.0,0.0,0.0
0.0,0.0,3.1017091531047667,0.0,0.0,0.0,0.0,2.616259499987791,-0.0032830392694971444,0.0,0.0,0.0,0.0,0.0,0.0,0.0,0.0,0.0,0.0,0.0,0.0,0.0
0.0,0.0,3.1017091531047667,0.0,0.0,0.0,0.0,2.626164899986179,-0.0032830392694971444,0.0,0.0,0.0,0.0,0.0,0.0,0.0,0.0,0.0,0.0,0.0,0.0,0.0
0.0,0.0,3.1017091531047667,0.0,0.0,0.0,0.0,2.6360513999861723,-0.0032830392694971444,0.0,0.0,0.0,0.0,0.0,0.0,0.0,0.0,0.0,0.0,0.0,0.0,0.0
0.0,0.0,3.1017091531047667,0.0,0.0,0.0,0.0,2.645949699985067,-0.0032830392694971444,0.0,0.0,0.0,0.0,0.0,0.0,0.0,0.0,0.0,0.0,0.0,0.0,0.0
0.0,0.0,3.1017091531047667,0.0,0.0,0.0,0.0,2.655837399983284,-0.0032830392694971444,0.0,0.0,0.0,0.0,0.0,0.0,0.0,0.0,0.0,0.0,0.0,0.0,0.0
0.0,0.0,3.098641191528995,-0.30679615757716044,0.0,0.0,0.0,2.665679999983695,-0.0035689266391793185,0.0,0.0,0.0,0.0,0.0,0.0,0.0,0.0,0.0,0.0,0.0,0.0,0.0
0.0,0.0,3.1017091531047667,0.30679615757716044,0.0,0.0,0.0,2.6755909999810683,-0.003260965265223264,0.0,0.0,0.0,0.0,0.0,0.0,0.0,0.0,0.0,0.0,0.0,0.0,0.0
0.0,0.0,3.1017091531047667,0.0,0.0,0.0,0.0,2.6855036999804724,-0.0032830392694971444,0.0,0.0,0.0,0.0,0.0,0.0,0.0,0.0,0.0,0.0,0.0,0.0,0.0
0.0,0.0,3.1017091531047667,0.0,0.0,0.0,0.0,2.6953889999786043,-0.0032830392694971444,0.0,0.0,0.0,0.0,0.0,0.0,0.0,0.0,0.0,0.0,0.0,0.0,0.0
0.0,0.0,3.1017091531047667,0.0,0.0,0.0,0.0,2.7052928999801225,-0.0032830392694971444,0.0,0.0,0.0,0.0,0.0,0.0,0.0,0.0,0.0,0.0,0.0,0.0,0.0
0.0,0.0,3.1017091531047667,0.0,0.0,0.0,0.0,2.715242099980969,-0.0032830392694971444,0.0,0.0,0.0,0.0,0.0,0.0,0.0,0.0,0.0,0.0,0.0,0.0,0.0
0.0,0.0,3.1017091531047667,0.0,0.0,0.0,0.0,2.7250557999796,-0.0032830392694971444,0.0,0.0,0.0,0.0,0.0,0.0,0.0,0.0,0.0,0.0,0.0,0.0,0.0
0.0,0.0,3.1017091531047667,0.0,0.0,0.0,0.0,2.7349552999803564,-0.0032830392694971444,0.0,0.0,0.0,0.0,0.0,0.0,0.0,0.0,0.0,0.0,0.0,0.0,0.0
0.0,0.0,3.1017091531047667,0.0,0.0,0.0,0.0,2.7448430999793345,-0.0032830392694971444,0.0,0.0,0.0,0.0,0.0,0.0,0.0,0.0,0.0,0.0,0.0,0.0,0.0
0.0,0.0,3.1017091531047667,0.0,0.0,0.0,0.0,2.7547411999803444,-0.0032830392694971444,0.0,0.0,0.0,0.0,0.0,0.0,0.0,0.0,0.0,0.0,0.0,0.0,0.0
0.0,0.0,3.1017091531047667,0.0,0.0,0.0,0.0,2.7646598999817797,-0.0032830392694971444,0.0,0.0,0.0,0.0,0.0,0.0,0.0,0.0,0.0,0.0,0.0,0.0,0.0
0.0,0.0,3.1017091531047667,0.0,0.0,0.0,0.0,2.77457729998423,-0.0032830392694971444,0.0,0.0,0.0,0.0,0.0,0.0,0.0,0.0,0.0,0.0,0.0,0.0,0.0
0.0,0.0,3.1017091531047667,0.0,0.0,0.0,0.0,2.78440329998557,-0.0032830392694971444,0.0,0.0,0.0,0.0,0.0,0.0,0.0,0.0,0.0,0.0,0.0,0.0,0.0
0.0,0.0,3.100175172316881,-0.15339807878858025,0.0,0.0,0.0,2.794221699983609,-0.003424363463177679,0.0,0.0,0.0,0.0,0.0,0.0,0.0,0.0,0.0,0.0,0.0,0.0,0.0
0.0,0.0,3.1017091531047667,0.15339807878858025,0.0,0.0,0.0,2.804203499981668,-0.0032705265712664844,0.0,0.0,0.0,0.0,0.0,0.0,0.0,0.0,0.0,0.0,0.0,0.0,0.0
0.0,0.0,3.1017091531047667,0.0,0.0,0.0,0.0,2.813962399981392,-0.0032830392694971444,0.0,0.0,0.0,0.0,0.0,0.0,0.0,0.0,0.0,0.0,0.0,0.0,0.0
0.0,0.0,3.1017091531047667,0.0,0.0,0.0,0.0,2.823888099981559,-0.0032830392694971444,0.0,0.0,0.0,0.0,0.0,0.0,0.0,0.0,0.0,0.0,0.0,0.0,0.0
0.0,0.0,3.1017091531047667,0.0,0.0,0.0,0.0,2.833795399983501,-0.0032830392694971444,0.0,0.0,0.0,0.0,0.0,0.0,0.0,0.0,0.0,0.0,0.0,0.0,0.0
0.0,0.0,3.1017091531047667,0.0,0.0,0.0,0.0,2.843644399981713,-0.0032830392694971444,0.0,0.0,0.0,0.0,0.0,0.0,0.0,0.0,0.0,0.0,0.0,0.0,0.0
0.0,0.0,3.100175172316881,-0.15339807878858025,0.0,0.0,0.0,2.853633999980957,-0.003424363463177679,0.0,0.0,0.0,0.0,0.0,0.0,0.0,0.0,0.0,0.0,0.0,0.0,0.0
0.0,0.0,3.1017091531047667,0.15339807878858025,0.0,0.0,0.0,2.8633682999825396,-0.0032705265712664844,0.0,0.0,0.0,0.0,0.0,0.0,0.0,0.0,0.0,0.0,0.0,0.0,0.0
0.0,0.0,3.1017091531047667,0.0,0.0,0.0,0.0,2.8731782999821007,-0.0032830392694971444,0.0,0.0,0.0,0.0,0.0,0.0,0.0,0.0,0.0,0.0,0.0,0.0,0.0
0.0,0.0,3.1017091531047667,0.0,0.0,0.0,0.0,2.8830060999825946,-0.0032830392694971444,0.0,0.0,0.0,0.0,0.0,0.0,0.0,0.0,0.0,0.0,0.0,0.0,0.0
0.0,0.0,3.1017091531047667,0.0,0.0,0.0,0.0,2.892887999983941,-0.0032830392694971444,0.0,0.0,0.0,0.0,0.0,0.0,0.0,0.0,0.0,0.0,0.0,0.0,0.0
0.0,0.0,3.1017091531047667,0.0,0.0,0.0,0.0,2.902802899981907,-0.0032830392694971444,0.0,0.0,0.0,0.0,0.0,0.0,0.0,0.0,0.0,0.0,0.0,0.0,0.0
0.0,0.0,3.1017091531047667,0.0,0.0,0.0,0.0,2.9127748999817413,-0.0032830392694971444,0.0,0.0,0.0,0.0,0.0,0.0,0.0,0.0,0.0,0.0,0.0,0.0,0.0
0.0,0.0,3.1017091531047667,0.0,0.0,0.0,0.0,2.922748499982845,-0.0032830392694971444,0.0,0.0,0.0,0.0,0.0,0.0,0.0,0.0,0.0,0.0,0.0,0.0,0.0
0.0,0.0,3.1017091531047667,0.0,0.0,0.0,0.0,2.9322205999815196,-0.0032830392694971444,0.0,0.0,0.0,0.0,0.0,0.0,0.0,0.0,0.0,0.0,0.0,0.0,0.0
0.0,0.0,3.1017091531047667,0.0,0.0,0.0,0.0,2.9420778999810864,-0.0032830392694971444,0.0,0.0,0.0,0.0,0.0,0.0,0.0,0.0,0.0,0.0,0.0,0.0,0.0
0.0,0.0,3.1017091531047667,0.0,0.0,0.0,0.0,2.951870399981999,-0.0032830392694971444,0.0,0.0,0.0,0.0,0.0,0.0,0.0,0.0,0.0,0.0,0.0,0.0,0.0
0.0,0.0,3.1017091531047667,0.0,0.0,0.0,0.0,2.9617403999836824,-0.0032830392694971444,0.0,0.0,0.0,0.0,0.0,0.0,0.0,0.0,0.0,0.0,0.0,0.0,0.0
0.0,0.0,3.1017091531047667,0.0,0.0,0.0,0.0,2.9716349999835074,-0.0032830392694971444,0.0,0.0,0.0,0.0,0.0,0.0,0.0,0.0,0.0,0.0,0.0,0.0,0.0
0.0,0.0,3.100175172316881,-0.15339807878858025,0.0,0.0,0.0,2.9815978999831714,-0.003424363463177679,0.0,0.0,0.0,0.0,0.0,0.0,0.0,0.0,0.0,0.0,0.0,0.0,0.0
0.0,0.0,3.100175172316881,0.0,0.0,0.0,0.0,2.9912846999832254,-0.0034088424258330277,0.0,0.0,0.0,0.0,0.0,0.0,0.0,0.0,0.0,0.0,0.0,0.0,0.0
0.0,0.0,3.100175172316881,0.0,0.0,0.0,0.0,3.0012046999836457,-0.0034088424258330277,0.0,0.0,0.0,0.0,0.0,0.0,0.0,0.0,0.0,0.0,0.0,0.0,0.0
0.0,0.0,3.100175172316881,0.0,0.0,0.0,0.0,3.0110800999827916,-0.0034088424258330277,0.0,0.0,0.0,0.0,0.0,0.0,0.0,0.0,0.0,0.0,0.0,0.0,0.0
0.0,0.0,3.098641191528995,-0.15339807878858025,0.0,0.0,0.0,3.0210081999794056,-0.003550170718345248,0.0,0.0,0.0,0.0,0.0,0.0,0.0,0.0,0.0,0.0,0.0,0.0,0.0
0.0,0.0,3.098641191528995,0.0,0.0,0.0,0.0,3.0308385999815073,-0.0035345927356760375,0.0,0.0,0.0,0.0,0.0,0.0,0.0,0.0,0.0,0.0,0.0,0.0,0.0
0.0,0.0,3.100175172316881,0.15339807878858025,0.0,0.0,0.0,3.0406728999805637,-0.0033963860666135393,0.0,0.0,0.0,0.0,0.0,0.0,0.0,0.0,0.0,0.0,0.0,0.0,0.0
0.0,0.0,3.1017091531047667,0.15339807878858025,0.0,0.0,0.0,3.0505592999797955,-0.0032705265712664844,0.0,0.0,0.0,0.0,0.0,0.0,0.0,0.0,0.0,0.0,0.0,0.0,0.0
0.0,0.0,3.1032431338926525,0.15339807878858025,0.0,0.0,0.0,3.0602229999785777,-0.003144616148367268,0.0,0.0,0.0,0.0,0.0,0.0,0.0,0.0,0.0,0.0,0.0,0.0,0.0
0.0,0.0,3.107845076256309,0.46019423636565193,0.0,0.0,0.0,3.0701168999767106,-0.0027486162205212277,0.0,0.0,0.0,0.0,0.0,0.0,0.0,0.0,0.0,0.0,0.0,0.0,0.0
0.0,0.0,3.1124470186199655,0.46019423636565193,0.0,0.0,0.0,3.0800068999778887,-0.0023688509636390874,0.0,0.0,0.0,0.0,0.0,0.0,0.0,0.0,0.0,0.0,0.0,0.0,0.0
0.0,0.0,3.117048960983623,0.46019423636574075,0.0,0.0,0.0,3.0905708999780472,-0.001988749308098525,0.0,0.0,0.0,0.0,0.0,0.0,0.0,0.0,0.0,0.0,0.0,0.0,0.0
0.0,0.0,3.1231848841351653,0.6135923151542322,0.0,0.0,0.0,3.0996221999776026,-0.0014723011469183903,0.0,0.0,0.0,0.0,0.0,0.0,0.0,0.0,0.0,0.0,0.0,0.0,0.0
0.0,0.0,3.1277868264988227,0.46019423636574075,0.0,0.0,0.0,3.1094228999754705,-0.0011008345694716016,0.0,0.0,0.0,0.0,0.0,0.0,0.0,0.0,0.0,0.0,0.0,0.0,0.0
0.0,0.0,3.1369907112261366,0.9203884727313927,0.0,0.0,0.0,3.119220399974438,-0.0003016950523310288,0.0,0.0,0.0,0.0,0.0,0.0,0.0,0.0,0.0,0.0,0.0,0.0,0.0
0.0,0.0,-3.1354567304382504,1.0737865515199971,0.0,0.0,0.0,3.129100699974515,0.0006149736312468613,0.0,0.0,0.0,0.0,0.0,0.0,0.0,0.0,0.0,0.0,0.0,0.0,0.0
0.0,0.0,-3.130854788074594,0.46019423636565193,0.0,0.0,0.0,3.1388856999728887,0.0009308641452391688,0.0,0.0,0.0,0.0,0.0,0.0,0.0,0.0,0.0,0.0,0.0,0.0,0.0
0.0,0.0,-3.117048960983623,1.380582709097089,0.0,0.0,0.0,3.1488062999706017,0.0022220045427379987,0.0,0.0,0.0,0.0,0.0,0.0,0.0,0.0,0.0,0.0,0.0,0.0,0.0
0.0,0.0,-3.103243133892652,1.380582709097089,0.0,0.0,0.0,3.1584634999708214,0.003398020417786013,0.0,0.0,0.0,0.0,0.0,0.0,0.0,0.0,0.0,0.0,0.0,0.0,0.0
0.0,0.0,-3.095573229953224,0.7669903939428124,0.0,0.0,0.0,3.1683801999715797,0.0038984301535835066,0.0,0.0,0.0,0.0,0.0,0.0,0.0,0.0,0.0,0.0,0.0,0.0,0.0
0.0,0.0,-3.0802334220743677,1.5339807878856246,0.0,0.0,0.0,3.178220199970383,0.005405441194506779,0.0,0.0,0.0,0.0,0.0,0.0,0.0,0.0,0.0,0.0,0.0,0.0,0.0
0.0,0.0,-3.0710295373470538,0.9203884727313927,0.0,0.0,0.0,3.1880914999710512,0.005964637880629197,0.0,0.0,0.0,0.0,0.0,0.0,0.0,0.0,0.0,0.0,0.0,0.0,0.0
0.0,0.0,-3.043417883165112,2.761165418194178,0.0,0.0,0.0,3.197874299970863,0.00943361082987947,0.0,0.0,0.0,0.0,0.0,0.0,0.0,0.0,0.0,0.0,0.0,0.0,0.0
0.0,0.0,-3.0326800176499127,1.0737865515199283,0.0,0.0,0.0,3.207698799968057,0.009158999360948496,0.0,0.0,0.0,0.0,0.0,0.0,0.0,0.0,0.0,0.0,0.0,0.0,0.0
0.0,0.0,-3.009670305831628,2.3009711818284817,0.0,0.0,0.0,3.217549099968892,0.011970803586886986,0.0,0.0,0.0,0.0,0.0,0.0,0.0,0.0,0.0,0.0,0.0,0.0,0.0
0.0,0.0,-2.997398459528543,1.2271846303085088,0.0,0.0,0.0,3.2274290999666846,0.012071895379217,0.0,0.0,0.0,0.0,0.0,0.0,0.0,0.0,0.0,0.0,0.0,0.0,0.0
0.0,0.0,-2.9697868053466014,2.7611654181941336,0.0,0.0,0.0,3.237260799964133,0.015994865189837337,0.0,0.0,0.0,0.0,0.0,0.0,0.0,0.0,0.0,0.0,0.0,0.0,0.0
0.0,0.0,-2.9375732088010027,3.2213596545598744,0.0,0.0,0.0,3.2471276999640395,0.019621258816003698,0.0,0.0,0.0,0.0,0.0,0.0,0.0,0.0,0.0,0.0,0.0,0.0,0.0
0.0,0.0,-2.9038256314675186,3.3747577333484102,0.0,0.0,0.0,3.256990899964876,0.02286547875254085,0.0,0.0,0.0,0.0,0.0,0.0,0.0,0.0,0.0,0.0,0.0,0.0,0.0
0.0,0.0,-2.8869518428007765,1.6873788666742051,0.0,0.0,0.0,3.2668595999639365,0.020817414299286914,0.0,0.0,0.0,0.0,0.0,0.0,0.0,0.0,0.0,0.0,0.0,0.0,0.0
0.0,0.0,-2.8501363038915213,3.6815538909255263,0.0,0.0,0.0,3.276831699964532,0.028168831687659646,0.0,0.0,0.0,0.0,0.0,0.0,0.0,0.0,0.0,0.0,0.0,0.0,0.0
0.0,0.0,-2.813320764982266,3.6815538909255263,0.0,0.0,0.0,3.286602399966796,0.03100277091453041,0.0,0.0,0.0,0.0,0.0,0.0,0.0,0.0,0.0,0.0,0.0,0.0,0.0
0.0,0.0,-2.796446976315524,1.6873788666742051,0.0,0.0,0.0,3.2965168999653542,0.026613135611066065,0.0,0.0,0.0,0.0,0.0,0.0,0.0,0.0,0.0,0.0,0.0,0.0,0.0
0.0,0.0,-2.76269939898204,3.3747577333484102,0.0,0.0,0.0,3.3064736999658635,0.033323812842362445,0.0,0.0,0.0,0.0,0.0,0.0,0.0,0.0,0.0,0.0,0.0,0.0,0.0
0.0,0.0,-2.748893571891069,1.380582709097089,0.0,0.0,0.0,3.316223599966179,0.028621189834654483,0.0,0.0,0.0,0.0,0.0,0.0,0.0,0.0,0.0,0.0,0.0,0.0,0.0
0.0,0.0,-2.724349879284899,2.4543692606170175,0.0,0.0,0.0,3.3261841999665194,0.03233427813000905,0.0,0.0,0.0,0.0,0.0,0.0,0.0,0.0,0.0,0.0,0.0,0.0,0.0
0.0,0.0,-2.705942109830271,1.8407769454627854,0.0,0.0,0.0,3.3359584999634535,0.03154751555640033,0.0,0.0,0.0,0.0,0.0,0.0,0.0,0.0,0.0,0.0,0.0,0.0,0.0
0.0,0.0,-2.698272205890843,0.7669903939428124,0.0,0.0,0.0,3.345925699963118,0.03003001549525142,0.0,0.0,0.0,0.0,0.0,0.0,0.0,0.0,0.0,0.0,0.0,0.0,0.0
0.0,0.0,-2.689068321163529,0.9203884727313927,0.0,0.0,0.0,3.3556275999653735,0.03056772431480264,0.0,0.0,0.0,0.0,0.0,0.0,0.0,0.0,0.0,0.0,0.0,0.0,0.0
0.0,0.0,-2.6875343403756435,0.15339807878853584,0.0,0.0,0.0,3.365517899965198,0.030030148743790893,0.0,0.0,0.0,0.0,0.0,0.0,0.0,0.0,0.0,0.0,0.0,0.0,0.0
0.0,0.0,-2.689068321163529,-0.15339807878853584,0.0,0.0,0.0,3.375508399964019,0.029943917913463534,0.0,0.0,0.0,0.0,0.0,0.0,0.0,0.0,0.0,0.0,0.0,0.0,0.0
0.0,0.0,-2.698272205890843,-0.9203884727313927,0.0,0.0,0.0,3.3852328999637393,0.030034143938520094,0.0,0.0,0.0,0.0,0.0,0.0,0.0,0.0,0.0,0.0,0.0,0.0,0.0
0.0,0.0,-2.715145994557585,-1.6873788666742051,0.0,0.0,0.0,3.395094999963476,0.03047720198677278,0.0,0.0,0.0,0.0,0.0,0.0,0.0,0.0,0.0,0.0,0.0,0.0,0.0
0.0,0.0,-2.725883860072784,-1.0737865515199283,0.0,0.0,0.0,3.4050207999644044,0.02903656827606294,0.0,0.0,0.0,0.0,0.0,0.0,0.0,0.0,0.0,0.0,0.0,0.0,0.0
0.0,0.0,-2.750427552678955,-2.454369260617062,0.0,0.0,0.0,3.4148708999637165,0.030513056029667158,0.0,0.0,0.0,0.0,0.0,0.0,0.0,0.0,0.0,0.0,0.0,0.0,0.0
0.0,0.0,-2.7765052260730103,-2.607767339405554,0.0,0.0,0.0,3.42461749996437,0.02943895167549986,0.0,0.0,0.0,0.0,0.0,0.0,0.0,0.0,0.0,0.0,0.0,0.0,0.0
0.0,0.0,-2.790311053163981,-1.380582709097089,0.0,0.0,0.0,3.43452619996242,0.026194497555144015,0.0,0.0,0.0,0.0,0.0,0.0,0.0,0.0,0.0,0.0,0.0,0.0,0.0
0.0,0.0,-2.8194566881338083,-2.9145634969827143,0.0,0.0,0.0,3.4443748999619856,0.02751863370825898,0.0,0.0,0.0,0.0,0.0,0.0,0.0,0.0,0.0,0.0,0.0,0.0,0.0
0.0,0.0,-2.8501363038915213,-3.0679615757712946,0.0,0.0,0.0,3.454109999962384,0.025737227562089834,0.0,0.0,0.0,0.0,0.0,0.0,0.0,0.0,0.0,0.0,0.0,0.0,0.0
0.0,0.0,-2.8808159196492342,-3.0679615757712946,0.0,0.0,0.0,3.4640474999614526,0.023396221298449954,0.0,0.0,0.0,0.0,0.0,0.0,0.0,0.0,0.0,0.0,0.0,0.0,0.0
0.0,0.0,-2.8946217467402047,-1.3805827090970446,0.0,0.0,0.0,3.4739968999601842,0.01964112807613147,0.0,0.0,0.0,0.0,0.0,0.0,0.0,0.0,0.0,0.0,0.0,0.0,0.0
0.0,0.0,-2.9268353432858034,-3.2213596545598744,0.0,0.0,0.0,3.4836805999620992,0.01995533384295639,0.0,0.0,0.0,0.0,0.0,0.0,0.0,0.0,0.0,0.0,0.0,0.0,0.0
0.0,0.0,-2.962116901407173,-3.528155812136946,0.0,0.0,0.0,3.49364769996464,0.01741273423305579,0.0,0.0,0.0,0.0,0.0,0.0,0.0,0.0,0.0,0.0,0.0,0.0,0.0
0.0,0.0,-2.9805246708618007,-1.8407769454627854,0.0,0.0,0.0,3.50356449996616,0.013586465683926272,0.0,0.0,0.0,0.0,0.0,0.0,0.0,0.0,0.0,0.0,0.0,0.0,0.0
0.0,0.0,-3.0204081713468276,-3.988350048502687,0.0,0.0,0.0,3.513329999965208,0.01247598538040294,0.0,0.0,0.0,0.0,0.0,0.0,0.0,0.0,0.0,0.0,0.0,0.0,0.0
0.0,0.0,-3.0464858447408836,-2.607767339405598,0.0,0.0,0.0,3.5232623999654606,0.008539278537349806,0.0,0.0,0.0,0.0,0.0,0.0,0.0,0.0,0.0,0.0,0.0,0.0,0.0
0.0,0.0,-3.0925052683774528,-4.601942363656919,0.0,0.0,0.0,3.5331945999641903,0.005251130225006983,0.0,0.0,0.0,0.0,0.0,0.0,0.0,0.0,0.0,0.0,0.0,0.0,0.0
0.0,0.0,3.1400586728019073,-5.062136600022639,0.0,0.0,0.0,3.5429402999652666,-0.0006498483738759112,0.0,0.0,0.0,0.0,0.0,0.0,0.0,0.0,0.0,0.0,0.0,0.0,0.0
0.0,0.0,3.090971287589567,-4.908738521234035,0.0,0.0,0.0,3.5529015999636613,-0.006527022142244038,0.0,0.0,0.0,0.0,0.0,0.0,0.0,0.0,0.0,0.0,0.0,0.0,0.0
0.0,0.0,3.064893614195511,-2.607767339405598,0.0,0.0,0.0,3.5626859999647422,-0.007339843623171195,0.0,0.0,0.0,0.0,0.0,0.0,0.0,0.0,0.0,0.0,0.0,0.0,0.0
0.0,0.0,3.0173402097710564,-4.755340442445456,0.0,0.0,0.0,3.572568199964735,-0.014890016518498349,0.0,0.0,0.0,0.0,0.0,0.0,0.0,0.0,0.0,0.0,0.0,0.0,0.0
0.0,0.0,2.995864478740657,-2.147573103039946,0.0,0.0,0.0,3.5824877999657474,-0.012981006974884624,0.0,0.0,0.0,0.0,0.0,0.0,0.0,0.0,0.0,0.0,0.0,0.0,0.0
0.0,0.0,2.9575149590435164,-3.8349519697140617,0.0,0.0,0.0,3.5924617999662587,-0.019153742424358314,0.0,0.0,0.0,0.0,0.0,0.0,0.0,0.0,0.0,0.0,0.0,0.0,0.0
0.0,0.0,2.926835343285803,-3.067961575771339,0.0,0.0,0.0,3.602257999966241,-0.02021566377770727,0.0,0.0,0.0,0.0,0.0,0.0,0.0,0.0,0.0,0.0,0.0,0.0,0.0
0.0,0.0,2.9038256314675186,-2.3009711818284373,0.0,0.0,0.0,3.6120309999678284,-0.020560490924844622,0.0,0.0,0.0,0.0,0.0,0.0,0.0,0.0,0.0,0.0,0.0,0.0,0.0
0.0,0.0,2.8961557275280905,-0.7669903939428124,0.0,0.0,0.0,3.6219476999685867,-0.01924047559110356,0.0,0.0,0.0,0.0,0.0,0.0,0.0,0.0,0.0,0.0,0.0,0.0,0.0
0.0,0.0,2.8854178620128907,-1.0737865515199727,0.0,0.0,0.0,3.6317498999669624,-0.020210845444199453,0.0,0.0,0.0,0.0,0.0,0.0,0.0,0.0,0.0,0.0,0.0,0.0,0.0
0.0,0.0,2.8808159196492342,-0.46019423636565193,0.0,0.0,0.0,3.6416125999639917,-0.020092300372239184,0.0,0.0,0.0,0.0,0.0,0.0,0.0,0.0,0.0,0.0,0.0,0.0,0.0
0.0,0.0,2.8777479580734626,-0.30679615757716044,0.0,0.0,0.0,3.651558399964415,-0.02023193276510199,0.0,0.0,0.0,0.0,0.0,0.0,0.0,0.0,0.0,0.0,0.0,0.0,0.0
0.0,0.0,2.8777479580734626,0.0,0.0,0.0,0.0,3.6613305999635486,-0.020166129736693527,0.0,0.0,0.0,0.0,0.0,0.0,0.0,0.0,0.0,0.0,0.0,0.0,0.0
0.0,0.0,2.8792819388613484,0.15339807878858025,0.0,0.0,0.0,3.6712031999632018,-0.020061586889899893,0.0,0.0,0.0,0.0,0.0,0.0,0.0,0.0,0.0,0.0,0.0,0.0,0.0
0.0,0.0,2.88234990043712,0.30679615757716044,0.0,0.0,0.0,3.6811745999657433,-0.019874709559805675,0.0,0.0,0.0,0.0,0.0,0.0,0.0,0.0,0.0,0.0,0.0,0.0,0.0
0.0,0.0,2.8884858235886623,0.6135923151542322,0.0,0.0,0.0,3.6908902999675774,-0.019549906408808236,0.0,0.0,0.0,0.0,0.0,0.0,0.0,0.0,0.0,0.0,0.0,0.0,0.0
0.0,0.0,2.893087765952319,0.46019423636565193,0.0,0.0,0.0,3.7008113999690977,-0.019193448748529324,0.0,0.0,0.0,0.0,0.0,0.0,0.0,0.0,0.0,0.0,0.0,0.0,0.0
0.0,0.0,2.900757669891748,0.7669903939429012,0.0,0.0,0.0,3.7106355999676452,-0.018785309434291863,0.0,0.0,0.0,0.0,0.0,0.0,0.0,0.0,0.0,0.0,0.0,0.0,0.0
0.0,0.0,2.908427573831176,0.7669903939428124,0.0,0.0,0.0,3.7204176999694027,-0.01825658317777394,0.0,0.0,0.0,0.0,0.0,0.0,0.0,0.0,0.0,0.0,0.0,0.0,0.0
0.0,0.0,2.916097477770604,0.7669903939428124,0.0,0.0,0.0,3.7302304999684566,-0.01772120928819545,0.0,0.0,0.0,0.0,0.0,0.0,0.0,0.0,0.0,0.0,0.0,0.0,0.0
0.0,0.0,2.9206994201342606,0.46019423636565193,0.0,0.0,0.0,3.740012999965984,-0.017297869718905994,0.0,0.0,0.0,0.0,0.0,0.0,0.0,0.0,0.0,0.0,0.0,0.0,0.0
0.0,0.0,2.9299033048615746,0.9203884727313927,0.0,0.0,0.0,3.749957199968776,-0.016811227054307046,0.0,0.0,0.0,0.0,0.0,0.0,0.0,0.0,0.0,0.0,0.0,0.0,0.0
0.0,0.0,2.9406411703767743,1.0737865515199727,0.0,0.0,0.0,3.759869199970126,-0.01611157842926451,0.0,0.0,0.0,0.0,0.0,0.0,0.0,0.0,0.0,0.0,0.0,0.0,0.0
0.0,0.0,2.9467770935283166,0.6135923151542322,0.0,0.0,0.0,3.7697995999697014,-0.01546724903654307,0.0,0.0,0.0,0.0,0.0,0.0,0.0,0.0,0.0,0.0,0.0,0.0,0.0
0.0,0.0,2.959048939831402,1.2271846303085532,0.0,0.0,0.0,3.779625099967234,-0.014824709694234335,0.0,0.0,0.0,0.0,0.0,0.0,0.0,0.0,0.0,0.0,0.0,0.0,0.0
0.0,0.0,2.9651848629829445,0.6135923151542322,0.0,0.0,0.0,3.78955719996884,-0.014105293329559516,0.0,0.0,0.0,0.0,0.0,0.0,0.0,0.0,0.0,0.0,0.0,0.0,0.0
0.0,0.0,2.9805246708618007,1.5339807878856246,0.0,0.0,0.0,3.799528099971212,-0.01335610237779342,0.0,0.0,0.0,0.0,0.0,0.0,0.0,0.0,0.0,0.0,0.0,0.0,0.0
0.0,0.0,2.997398459528543,1.6873788666742051,0.0,0.0,0.0,3.809360699971876,-0.012105904128598579,0.0,0.0,0.0,0.0,0.0,0.0,0.0,0.0,0.0,0.0,0.0,0.0,0.0
0.0,0.0,3.0066023442558567,0.9203884727313927,0.0,0.0,0.0,3.819142899970757,-0.011004730775812249,0.0,0.0,0.0,0.0,0.0,0.0,0.0,0.0,0.0,0.0,0.0,0.0,0.0
0.0,0.0,3.0280780752862553,2.147573103039857,0.0,0.0,0.0,3.828979399972013,-0.009850317071384581,0.0,0.0,0.0,0.0,0.0,0.0,0.0,0.0,0.0,0.0,0.0,0.0,0.0
0.0,0.0,3.0510877871045405,2.3009711818285257,0.0,0.0,0.0,3.8387563999713166,-0.007936559951458613,0.0,0.0,0.0,0.0,0.0,0.0,0.0,0.0,0.0,0.0,0.0,0.0,0.0
0.0,0.0,3.063359633407625,1.2271846303084644,0.0,0.0,0.0,3.848677499969199,-0.006480585482035234,0.0,0.0,0.0,0.0,0.0,0.0,0.0,0.0,0.0,0.0,0.0,0.0,0.0
0.0,0.0,3.089437306801681,2.607767339405598,0.0,0.0,0.0,3.8585030999711307,-0.0046073490589517326,0.0,0.0,0.0,0.0,0.0,0.0,0.0,0.0,0.0,0.0,0.0,0.0,0.0
0.0,0.0,3.117048960983623,2.761165418194178,0.0,0.0,0.0,3.868512799970631,-0.0020651872095127505,0.0,0.0,0.0,0.0,0.0,0.0,0.0,0.0,0.0,0.0,0.0,0.0,0.0
0.0,0.0,3.1308547880745934,1.3805827090970446,0.0,0.0,0.0,3.878263299968239,-0.0007916778002847775,0.0,0.0,0.0,0.0,0.0,0.0,0.0,0.0,0.0,0.0,0.0,0.0,0.0
0.0,0.0,-3.12165090334728,3.0679615757712746,0.0,0.0,0.0,3.888038199966104,0.002218735325439356,0.0,0.0,0.0,0.0,0.0,0.0,0.0,0.0,0.0,0.0,0.0,0.0,0.0
0.0,0.0,-3.090971287589567,3.0679615757712946,0.0,0.0,0.0,3.8978129999668454,0.0051910622354664005,0.0,0.0,0.0,0.0,0.0,0.0,0.0,0.0,0.0,0.0,0.0,0.0,0.0
0.0,0.0,-3.060291671831854,3.0679615757712946,0.0,0.0,0.0,3.9076630999661575,0.0081351958058811,0.0,0.0,0.0,0.0,0.0,0.0,0.0,0.0,0.0,0.0,0.0,0.0,0.0
0.0,0.0,-3.0449518639529978,1.5339807878856246,0.0,0.0,0.0,3.9174942999670748,0.008383611768222946,0.0,0.0,0.0,0.0,0.0,0.0,0.0,0.0,0.0,0.0,0.0,0.0,0.0
0.0,0.0,-3.017340209771056,2.761165418194178,0.0,0.0,0.0,3.927267699964432,0.011803303335859749,0.0,0.0,0.0,0.0,0.0,0.0,0.0,0.0,0.0,0.0,0.0,0.0,0.0
0.0,0.0,-3.0035343826800855,1.3805827090970446,0.0,0.0,0.0,3.9371738999616355,0.01168435656473098,0.0,0.0,0.0,0.0,0.0,0.0,0.0,0.0,0.0,0.0,0.0,0.0,0.0
0.0,0.0,-2.978990690073915,2.454369260617062,0.0,0.0,0.0,3.947085399962816,0.014767397596899748,0.0,0.0,0.0,0.0,0.0,0.0,0.0,0.0,0.0,0.0,0.0,0.0,0.0
0.0,0.0,-2.9544469974677448,2.4543692606170175,0.0,0.0,0.0,3.95696119996137,0.016814254808640936,0.0,0.0,0.0,0.0,0.0,0.0,0.0,0.0,0.0,0.0,0.0,0.0,0.0
0.0,0.0,-2.9437091319525455,1.0737865515199283,0.0,0.0,0.0,3.9668521999592485,0.0160822282904055,0.0,0.0,0.0,0.0,0.0,0.0,0.0,0.0,0.0,0.0,0.0,0.0,0.0
0.0,0.0,-2.9237673817100323,1.9941750242513214,0.0,0.0,0.0,3.9767773999592464,0.018562667013647564,0.0,0.0,0.0,0.0,0.0,0.0,0.0,0.0,0.0,0.0,0.0,0.0,0.0
0.0,0.0,-2.90689359304329,1.6873788666742051,0.0,0.0,0.0,3.9867305999578093,0.019396467364738854,0.0,0.0,0.0,0.0,0.0,0.0,0.0,0.0,0.0,0.0,0.0,0.0,0.0
0.0,0.0,-2.8915537851644335,1.533980787885669,0.0,0.0,0.0,3.99641029995837,0.020292162953633414,0.0,0.0,0.0,0.0,0.0,0.0,0.0,0.0,0.0,0.0,0.0,0.0,0.0
0.0,0.0,-2.8838838812250054,0.7669903939428124,0.0,0.0,0.0,4.006330599957437,0.020065621526136633,0.0,0.0,0.0,0.0,0.0,0.0,0.0,0.0,0.0,0.0,0.0,0.0,0.0
0.0,0.0,-2.873146015709806,1.0737865515199283,0.0,0.0,0.0,4.016263399957097,0.021029685026752506,0.0,0.0,0.0,0.0,0.0,0.0,0.0,0.0,0.0,0.0,0.0,0.0,0.0
0.0,0.0,-2.8654761117703775,0.7669903939428568,0.0,0.0,0.0,4.026010299956397,0.02126881993808096,0.0,0.0,0.0,0.0,0.0,0.0,0.0,0.0,0.0,0.0,0.0,0.0,0.0
0.0,0.0,-2.8608741694067206,0.46019423636569634,0.0,0.0,0.0,4.035849599953508,0.021375753948444383,0.0,0.0,0.0,0.0,0.0,0.0,0.0,0.0,0.0,0.0,0.0,0.0,0.0
0.0,0.0,-2.8578062078309494,0.30679615757711604,0.0,0.0,0.0,4.045589299956191,0.021504434527390065,0.0,0.0,0.0,0.0,0.0,0.0,0.0,0.0,0.0,0.0,0.0,0.0,0.0
0.0,0.0,-2.8547382462551782,0.30679615757711604,0.0,0.0,0.0,4.055500499955087,0.021695704929162844,0.0,0.0,0.0,0.0,0.0,0.0,0.0,0.0,0.0,0.0,0.0,0.0,0.0
0.0,0.0,-2.8547382462551782,0.0,0.0,0.0,0.0,4.065442299957795,0.021626872444882414,0.0,0.0,0.0,0.0,0.0,0.0,0.0,0.0,0.0,0.0,0.0,0.0,0.0
0.0,0.0,-2.856272227043064,-0.15339807878858025,0.0,0.0,0.0,4.075405399958981,0.021527507433821383,0.0,0.0,0.0,0.0,0.0,0.0,0.0,0.0,0.0,0.0,0.0,0.0,0.0
0.0,0.0,-2.8578062078309494,-0.15339807878853584,0.0,0.0,0.0,4.085177299959469,0.02143187239210539,0.0,0.0,0.0,0.0,0.0,0.0,0.0,0.0,0.0,0.0,0.0,0.0,0.0
0.0,0.0,-2.8624081501946064,-0.46019423636569634,0.0,0.0,0.0,4.095010399960302,0.02119388641450304,0.0,0.0,0.0,0.0,0.0,0.0,0.0,0.0,0.0,0.0,0.0,0.0,0.0
0.0,0.0,-2.8700780541340345,-0.7669903939428124,0.0,0.0,0.0,4.104807299961976,0.02083053811376316,0.0,0.0,0.0,0.0,0.0,0.0,0.0,0.0,0.0,0.0,0.0,0.0,0.0
0.0,0.0,-2.8792819388613484,-0.9203884727313927,0.0,0.0,0.0,4.1146384999628935,0.020317515962837013,0.0,0.0,0.0,0.0,0.0,0.0,0.0,0.0,0.0,0.0,0.0,0.0,0.0
0.0,0.0,-2.8838838812250054,-0.46019423636569634,0.0,0.0,0.0,4.124449399962032,0.0198056830986277,0.0,0.0,0.0,0.0,0.0,0.0,0.0,0.0,0.0,0.0,0.0,0.0,0.0
0.0,0.0,-2.8946217467402047,-1.0737865515199283,0.0,0.0,0.0,4.13436979996186,0.019386959930780153,0.0,0.0,0.0,0.0,0.0,0.0,0.0,0.0,0.0,0.0,0.0,0.0,0.0
0.0,0.0,-2.9084275738311756,-1.380582709097089,0.0,0.0,0.0,4.144376399963221,0.01866852438260396,0.0,0.0,0.0,0.0,0.0,0.0,0.0,0.0,0.0,0.0,0.0,0.0,0.0
0.0,0.0,-2.9160974777706037,-0.7669903939428124,0.0,0.0,0.0,4.154088499963109,0.017721209288195476,0.0,0.0,0.0,0.0,0.0,0.0,0.0,0.0,0.0,0.0,0.0,0.0,0.0
0.0,0.0,-2.9314372856494604,-1.533980787885669,0.0,0.0,0.0,4.1639007999619935,0.01712948955049352,0.0,0.0,0.0,0.0,0.0,0.0,0.0,0.0,0.0,0.0,0.0,0.0,0.0
0.0,0.0,-2.9391071895888885,-0.7669903939428124,0.0,0.0,0.0,4.17385369996191,0.016076907251990787,0.0,0.0,0.0,0.0,0.0,0.0,0.0,0.0,0.0,0.0,0.0,0.0,0.0
0.0,0.0,-2.9575149590435164,-1.8407769454627854,0.0,0.0,0.0,4.1838217999611516,0.015419406659422787,0.0,0.0,0.0,0.0,0.0,0.0,0.0,0.0,0.0,0.0,0.0,0.0,0.0
0.0,0.0,-2.9759227284981438,-1.840776945462741,0.0,0.0,0.0,4.193569199964259,0.013956861020007079,0.0,0.0,0.0,0.0,0.0,0.0,0.0,0.0,0.0,0.0,0.0,0.0,0.0
0.0,0.0,-2.995864478740657,-1.9941750242513214,0.0,0.0,0.0,4.203474899964931,0.012458174601338964,0.0,0.0,0.0,0.0,0.0,0.0,0.0,0.0,0.0,0.0,0.0,0.0,0.0
0.0,0.0,-3.0066023442558567,-1.0737865515199727,0.0,0.0,0.0,4.213320299964835,0.011054993364756249,0.0,0.0,0.0,0.0,0.0,0.0,0.0,0.0,0.0,0.0,0.0,0.0,0.0
0.0,0.0,-3.0280780752862557,-2.1475731030399015,0.0,0.0,0.0,4.223042599965993,0.009850317071384574,0.0,0.0,0.0,0.0,0.0,0.0,0.0,0.0,0.0,0.0,0.0,0.0,0.0
0.0,0.0,-3.0495538063166547,-2.1475731030399015,0.0,0.0,0.0,4.233007899965742,0.007987841381789514,0.0,0.0,0.0,0.0,0.0,0.0,0.0,0.0,0.0,0.0,0.0,0.0,0.0
0.0,0.0,-3.06182565261974,-1.2271846303085088,0.0,0.0,0.0,4.242864099964208,0.006608080693714271,0.0,0.0,0.0,0.0,0.0,0.0,0.0,0.0,0.0,0.0,0.0,0.0,0.0
0.0,0.0,-3.084835364438024,-2.3009711818284373,0.0,0.0,0.0,4.252720899963606,0.004925807472998116,0.0,0.0,0.0,0.0,0.0,0.0,0.0,0.0,0.0,0.0,0.0,0.0,0.0
0.0,0.0,-3.0971072107411097,-1.2271846303085532,0.0,0.0,0.0,4.2625439999646915,0.0036536910195224385,0.0,0.0,0.0,0.0,0.0,0.0,0.0,0.0,0.0,0.0,0.0,0.0,0.0
0.0,0.0,-3.12165090334728,-2.4543692606170175,0.0,0.0,0.0,4.272479199964437,0.0016089318401037685,0.0,0.0,0.0,0.0,0.0,0.0,0.0,0.0,0.0,0.0,0.0,0.0,0.0
0.0,0.0,3.1369907112261366,-2.454369260616953,0.0,0.0,0.0,4.282271299962304,-0.0006468506172955181,0.0,0.0,0.0,0.0,0.0,0.0,0.0,0.0,0.0,0.0,0.0,0.0,0.0
0.0,0.0,3.124718864923051,-1.2271846303085532,0.0,0.0,0.0,4.292150399960519,-0.0015428452012329517,0.0,0.0,0.0,0.0,0.0,0.0,0.0,0.0,0.0,0.0,0.0,0.0,0.0
0.0,0.0,3.100175172316881,-2.4543692606170175,0.0,0.0,0.0,4.302166899960866,-0.0040249403983668745,0.0,0.0,0.0,0.0,0.0,0.0,0.0,0.0,0.0,0.0,0.0,0.0,0.0
0.0,0.0,3.0756314797107107,-2.4543692606170175,0.0,0.0,0.0,4.311960699960764,-0.006260867015554075,0.0,0.0,0.0,0.0,0.0,0.0,0.0,0.0,0.0,0.0,0.0,0.0,0.0
0.0,0.0,3.0618256526197394,-1.3805827090971334,0.0,0.0,0.0,4.3217482999607455,-0.006896110299411593,0.0,0.0,0.0,0.0,0.0,0.0,0.0,0.0,0.0,0.0,0.0,0.0,0.0
0.0,0.0,3.038815940801455,-2.3009711818284373,0.0,0.0,0.0,4.331687099962437,-0.009438361687723437,0.0,0.0,0.0,0.0,0.0,0.0,0.0,0.0,0.0,0.0,0.0,0.0,0.0
0.0,0.0,3.0158062289831706,-2.3009711818284373,0.0,0.0,0.0,4.341580299962516,-0.011442366829208982,0.0,0.0,0.0,0.0,0.0,0.0,0.0,0.0,0.0,0.0,0.0,0.0,0.0
0.0,0.0,3.005068363467971,-1.0737865515199727,0.0,0.0,0.0,4.351451099963015,-0.011373040284625303,0.0,0.0,0.0,0.0,0.0,0.0,0.0,0.0,0.0,0.0,0.0,0.0,0.0
0.0,0.0,2.985126613225458,-1.994175024251277,0.0,0.0,0.0,4.361350899962417,-0.013708089720329386,0.0,0.0,0.0,0.0,0.0,0.0,0.0,0.0,0.0,0.0,0.0,0.0,0.0
0.0,0.0,2.9667188437708303,-1.8407769454627854,0.0,0.0,0.0,4.371270999963599,-0.01502937353400272,0.0,0.0,0.0,0.0,0.0,0.0,0.0,0.0,0.0,0.0,0.0,0.0,0.0
0.0,0.0,2.959048939831402,-0.7669903939428124,0.0,0.0,0.0,4.3811698999634245,-0.014749008855575826,0.0,0.0,0.0,0.0,0.0,0.0,0.0,0.0,0.0,0.0,0.0,0.0,0.0
0.0,0.0,2.945243112740431,-1.3805827090971334,0.0,0.0,0.0,4.391112499961309,-0.01622425988951535,0.0,0.0,0.0,0.0,0.0,0.0,0.0,0.0,0.0,0.0,0.0,0.0,0.0
0.0,0.0,2.9375732088010027,-0.7669903939428124,0.0,0.0,0.0,4.400889999960782,-0.01632904805551715,0.0,0.0,0.0,0.0,0.0,0.0,0.0,0.0,0.0,0.0,0.0,0.0,0.0
0.0,0.0,2.932971266437346,-0.46019423636565193,0.0,0.0,0.0,4.410827499959851,-0.01651301011609928,0.0,0.0,0.0,0.0,0.0,0.0,0.0,0.0,0.0,0.0,0.0,0.0,0.0
0.0,0.0,2.9283693240736888,-0.46019423636574075,0.0,0.0,0.0,4.420725599960861,-0.01684090667936253,0.0,0.0,0.0,0.0,0.0,0.0,0.0,0.0,0.0,0.0,0.0,0.0,0.0
0.0,0.0,2.926835343285803,-0.15339807878858025,0.0,0.0,0.0,4.4306959999630635,-0.0168596122000883,0.0,0.0,0.0,0.0,0.0,0.0,0.0,0.0,0.0,0.0,0.0,0.0,0.0
0.0,0.0,2.925301362497918,-0.15339807878849143,0.0,0.0,0.0,4.440267599962681,-0.016967749272788452,0.0,0.0,0.0,0.0,0.0,0.0,0.0,0.0,0.0,0.0,0.0,0.0,0.0
0.0,0.0,2.9299033048615746,0.46019423636565193,0.0,0.0,0.0,4.450246399963362,-0.016647331239207256,0.0,0.0,0.0,0.0,0.0,0.0,0.0,0.0,0.0,0.0,0.0,0.0,0.0
0.0,0.0,2.932971266437346,0.30679615757716044,0.0,0.0,0.0,4.460254799960239,-0.01640493706965399,0.0,0.0,0.0,0.0,0.0,0.0,0.0,0.0,0.0,0.0,0.0,0.0,0.0
0.0,0.0,2.9406411703767743,0.7669903939428124,0.0,0.0,0.0,4.469916599959106,-0.015965329879246173,0.0,0.0,0.0,0.0,0.0,0.0,0.0,0.0,0.0,0.0,0.0,0.0,0.0
0.0,0.0,2.952913016679859,1.2271846303084644,0.0,0.0,0.0,4.479819999956817,-0.015288964741742498,0.0,0.0,0.0,0.0,0.0,0.0,0.0,0.0,0.0,0.0,0.0,0.0,0.0
0.0,0.0,2.9667188437708303,1.3805827090971334,0.0,0.0,0.0,4.489775799956988,-0.014333511897813392,0.0,0.0,0.0,0.0,0.0,0.0,0.0,0.0,0.0,0.0,0.0,0.0,0.0
0.0,0.0,2.9835926324375723,1.6873788666742051,0.0,0.0,0.0,4.499586499958241,-0.013219964327567463,0.0,0.0,0.0,0.0,0.0,0.0,0.0,0.0,0.0,0.0,0.0,0.0,0.0
0.0,0.0,2.994330497952771,1.073786551519884,0.0,0.0,0.0,4.50938949995907,-0.012023285680086662,0.0,0.0,0.0,0.0,0.0,0.0,0.0,0.0,0.0,0.0,0.0,0.0,0.0
0.0,0.0,3.0158062289831706,2.147573103039946,0.0,0.0,0.0,4.519323699962115,-0.010901890119847385,0.0,0.0,0.0,0.0,0.0,0.0,0.0,0.0,0.0,0.0,0.0,0.0,0.0
0.0,0.0,3.0158062289831706,0.0,0.0,0.0,0.0,4.529285899963725,-0.010193703458246965,0.0,0.0,0.0,0.0,0.0,0.0,0.0,0.0,0.0,0.0,0.0,0.0,0.0
0.0,0.0,3.055689729468197,3.988350048502643,0.0,0.0,0.0,4.539134199963883,-0.008803446362668499,0.0,0.0,0.0,0.0,0.0,0.0,0.0,0.0,0.0,0.0,0.0,0.0,0.0
0.0,0.0,3.0848353644380246,2.9145634969827587,0.0,0.0,0.0,4.548902399961662,-0.005155163074091114,0.0,0.0,0.0,0.0,0.0,0.0,0.0,0.0,0.0,0.0,0.0,0.0,0.0
0.0,0.0,3.1139809994078513,2.91456349698267,0.0,0.0,0.0,4.558807699962927,-0.0023781976871624978,0.0,0.0,0.0,0.0,0.0,0.0,0.0,0.0,0.0,0.0,0.0,0.0,0.0
0.0,0.0,3.1308547880745934,1.6873788666742051,0.0,0.0,0.0,4.568779999965045,-0.0007796144045703302,0.0,0.0,0.0,0.0,0.0,0.0,0.0,0.0,0.0,0.0,0.0,0.0,0.0
0.0,0.0,-3.120116922559394,3.221359654559943,0.0,0.0,0.0,4.578598599964607,0.0024143449551641692,0.0,0.0,0.0,0.0,0.0,0.0,0.0,0.0,0.0,0.0,0.0,0.0,0.0
0.0,0.0,-3.084835364438024,3.5281558121369905,0.0,0.0,0.0,4.588394999966113,0.006095302517032484,0.0,0.0,0.0,0.0,0.0,0.0,0.0,0.0,0.0,0.0,0.0,0.0,0.0
0.0,0.0,-3.067961575771282,1.6873788666742051,0.0,0.0,0.0,4.598202899967873,0.0065183935470994655,0.0,0.0,0.0,0.0,0.0,0.0,0.0,0.0,0.0,0.0,0.0,0.0,0.0
0.0,0.0,-3.0495538063166547,1.840776945462741,0.0,0.0,0.0,4.6081530999654206,0.008175614649010138,0.0,0.0,0.0,0.0,0.0,0.0,0.0,0.0,0.0,0.0,0.0,0.0,0.0
0.0,0.0,-3.014272248195285,3.5281558121369905,0.0,0.0,0.0,4.617937199964217,0.01310659095383157,0.0,0.0,0.0,0.0,0.0,0.0,0.0,0.0,0.0,0.0,0.0,0.0,0.0
0.0,0.0,-2.995864478740657,1.8407769454627854,0.0,0.0,0.0,4.627869799965993,0.01267581348396347,0.0,0.0,0.0,0.0,0.0,0.0,0.0,0.0,0.0,0.0,0.0,0.0,0.0
0.0,0.0,-2.9605829206192875,3.528155812136946,0.0,0.0,0.0,4.637735199969029,0.018201278500257677,0.0,0.0,0.0,0.0,0.0,0.0,0.0,0.0,0.0,0.0,0.0,0.0,0.0
0.0,0.0,-2.9253013624979176,3.5281558121369905,0.0,0.0,0.0,4.647631799965893,0.021392204157812532,0.0,0.0,0.0,0.0,0.0,0.0,0.0,0.0,0.0,0.0,0.0,0.0,0.0
0.0,0.0,-2.8884858235886623,3.6815538909255263,0.0,0.0,0.0,4.657488199965883,0.02500151023947911,0.0,0.0,0.0,0.0,0.0,0.0,0.0,0.0,0.0,0.0,0.0,0.0,0.0
0.0,0.0,-2.851670284679407,3.6815538909255263,0.0,0.0,0.0,4.66747899996335,0.028046239542343605,0.0,0.0,0.0,0.0,0.0,0.0,0.0,0.0,0.0,0.0,0.0,0.0,0.0
0.0,0.0,-2.834796496012665,1.6873788666742051,0.0,0.0,0.0,4.677223099963157,0.02429526138809151,0.0,0.0,0.0,0.0,0.0,0.0,0.0,0.0,0.0,0.0,0.0,0.0,0.0
0.0,0.0,-2.799514937891295,3.5281558121369905,0.0,0.0,0.0,4.687128099962138,0.0314391932002584,0.0,0.0,0.0,0.0,0.0,0.0,0.0,0.0,0.0,0.0,0.0,0.0,0.0
0.0,0.0,-2.765767360557811,3.3747577333484102,0.0,0.0,0.0,4.697042799962219,0.033129738909312006,0.0,0.0,0.0,0.0,0.0,0.0,0.0,0.0,0.0,0.0,0.0,0.0,0.0
0.0,0.0,-2.750427552678955,1.5339807878856246,0.0,0.0,0.0,4.706928099963989,0.02881215022637663,0.0,0.0,0.0,0.0,0.0,0.0,0.0,0.0,0.0,0.0,0.0,0.0,0.0
0.0,0.0,-2.719747936921242,3.0679615757712946,0.0,0.0,0.0,4.716832699963561,0.03465632104904192,0.0,0.0,0.0,0.0,0.0,0.0,0.0,0.0,0.0,0.0,0.0,0.0,0.0
0.0,0.0,-2.6921362827393,2.761165418194178,0.0,0.0,0.0,4.726651899964054,0.03490442782908996,0.0,0.0,0.0,0.0,0.0,0.0,0.0,0.0,0.0,0.0,0.0,0.0,0.0
0.0,0.0,-2.6660586093452445,2.607767339405554,0.0,0.0,0.0,4.736528499965061,0.035502704859406486,0.0,0.0,0.0,0.0,0.0,0.0,0.0,0.0,0.0,0.0,0.0,0.0,0.0
0.0,0.0,-2.655320743830045,1.0737865515199727,0.0,0.0,0.0,4.746328999965044,0.03199728285934095,0.0,0.0,0.0,0.0,0.0,0.0,0.0,0.0,0.0,0.0,0.0,0.0,0.0
0.0,0.0,-2.646116859102731,0.9203884727313927,0.0,0.0,0.0,4.756146899962914,0.03207550551368608,0.0,0.0,0.0,0.0,0.0,0.0,0.0,0.0,0.0,0.0,0.0,0.0,0.0
0.0,0.0,-2.6277090896481035,1.840776945462741,0.0,0.0,0.0,4.76606659996105,0.03449701987326946,0.0,0.0,0.0,0.0,0.0,0.0,0.0,0.0,0.0,0.0,0.0,0.0,0.0
0.0,0.0,-2.6139032625571326,1.380582709097089,0.0,0.0,0.0,4.77592149996417,0.03381095681904189,0.0,0.0,0.0,0.0,0.0,0.0,0.0,0.0,0.0,0.0,0.0,0.0,0.0
0.0,0.0,-2.6046993778298186,0.9203884727313927,0.0,0.0,0.0,4.7858168999664485,0.033248455884485884,0.0,0.0,0.0,0.0,0.0,0.0,0.0,0.0,0.0,0.0,0.0,0.0,0.0
0.0,0.0,-2.6016314162540475,0.30679615757711604,0.0,0.0,0.0,4.795673099968553,0.032720028834817796,0.0,0.0,0.0,0.0,0.0,0.0,0.0,0.0,0.0,0.0,0.0,0.0,0.0
0.0,0.0,-2.5954954931025047,0.6135923151542766,0.0,0.0,0.0,4.805641099967033,0.033098429785101725,0.0,0.0,0.0,0.0,0.0,0.0,0.0,0.0,0.0,0.0,0.0,0.0,0.0
0.0,0.0,-2.5954954931025047,0.0,0.0,0.0,0.0,4.815423599964561,0.03276516566601057,0.0,0.0,0.0,0.0,0.0,0.0,0.0,0.0,0.0,0.0,0.0,0.0,0.0
0.0,0.0,-2.5939615123146194,0.15339807878853584,0.0,0.0,0.0,4.825323499961087,0.03283150434510778,0.0,0.0,0.0,0.0,0.0,0.0,0.0,0.0,0.0,0.0,0.0,0.0,0.0
0.0,0.0,-2.5954954931025047,-0.15339807878853584,0.0,0.0,0.0,4.835249199961254,0.03276795221882941,0.0,0.0,0.0,0.0,0.0,0.0,0.0,0.0,0.0,0.0,0.0,0.0,0.0
0.0,0.0,-2.6062333586177044,-1.0737865515199727,0.0,0.0,0.0,4.844979999961652,0.03324310868418877,0.0,0.0,0.0,0.0,0.0,0.0,0.0,0.0,0.0,0.0,0.0,0.0,0.0
0.0,0.0,-2.6123692817692468,-0.6135923151542322,0.0,0.0,0.0,4.854963799964025,0.03257110102561687,0.0,0.0,0.0,0.0,0.0,0.0,0.0,0.0,0.0,0.0,0.0,0.0,0.0
0.0,0.0,-2.6261751088602177,-1.380582709097089,0.0,0.0,0.0,4.864847699962411,0.03320174405040866,0.0,0.0,0.0,0.0,0.0,0.0,0.0,0.0,0.0,0.0,0.0,0.0,0.0
0.0,0.0,-2.6353789935875316,-0.9203884727313927,0.0,0.0,0.0,4.874498899964237,0.03223330113885887,0.0,0.0,0.0,0.0,0.0,0.0,0.0,0.0,0.0,0.0,0.0,0.0,0.0
0.0,0.0,-2.6537867630421594,-1.8407769454627854,0.0,0.0,0.0,4.884380599964061,0.033280754414940356,0.0,0.0,0.0,0.0,0.0,0.0,0.0,0.0,0.0,0.0,0.0,0.0,0.0
0.0,0.0,-2.675262494072558,-2.147573103039857,0.0,0.0,0.0,4.894345299966517,0.03324697124267203,0.0,0.0,0.0,0.0,0.0,0.0,0.0,0.0,0.0,0.0,0.0,0.0,0.0
0.0,0.0,-2.701340167466614,-2.607767339405598,0.0,0.0,0.0,4.904124199965736,0.03345467258143616,0.0,0.0,0.0,0.0,0.0,0.0,0.0,0.0,0.0,0.0,0.0,0.0,0.0
0.0,0.0,-2.7166799753454707,-1.533980787885669,0.0,0.0,0.0,4.914039899966156,0.030123734923063757,0.0,0.0,0.0,0.0,0.0,0.0,0.0,0.0,0.0,0.0,0.0,0.0,0.0
0.0,0.0,-2.745825610315298,-2.9145634969827143,0.0,0.0,0.0,4.923953999965306,0.03212726342864164,0.0,0.0,0.0,0.0,0.0,0.0,0.0,0.0,0.0,0.0,0.0,0.0,0.0
0.0,0.0,-2.778039206860896,-3.22135965455983,0.0,0.0,0.0,4.933885799964628,0.03118818743788456,0.0,0.0,0.0,0.0,0.0,0.0,0.0,0.0,0.0,0.0,0.0,0.0,0.0
0.0,0.0,-2.813320764982266,-3.5281558121369905,0.0,0.0,0.0,4.943763899962505,0.029798009038385642,0.0,0.0,0.0,0.0,0.0,0.0,0.0,0.0,0.0,0.0,0.0,0.0,0.0
0.0,0.0,-2.8332625152247792,-1.9941750242513214,0.0,0.0,0.0,4.953643499964528,0.024570320697336282,0.0,0.0,0.0,0.0,0.0,0.0,0.0,0.0,0.0,0.0,0.0,0.0,0.0
0.0,0.0,-2.873146015709806,-3.988350048502687,0.0,0.0,0.0,4.963526399966213,0.02653973604857521,0.0,0.0,0.0,0.0,0.0,0.0,0.0,0.0,0.0,0.0,0.0,0.0,0.0
0.0,0.0,-2.8961557275280905,-2.3009711818284373,0.0,0.0,0.0,4.973429999965447,0.020712949958691846,0.0,0.0,0.0,0.0,0.0,0.0,0.0,0.0,0.0,0.0,0.0,0.0,0.0
0.0,0.0,-2.9406411703767743,-4.448544284868383,0.0,0.0,0.0,4.983422799963591,0.021557188753653807,0.0,0.0,0.0,0.0,0.0,0.0,0.0,0.0,0.0,0.0,0.0,0.0,0.0
0.0,0.0,-2.9912625363770005,-5.062136600022615,0.0,0.0,0.0,4.993145899963565,0.017611493055873118,0.0,0.0,0.0,0.0,0.0,0.0,0.0,0.0,0.0,0.0,0.0,0.0,0.0
0.0,0.0,-3.018874190558942,-2.7611654181941336,0.0,0.0,0.0,5.003045499965083,0.01116040270960908,0.0,0.0,0.0,0.0,0.0,0.0,0.0,0.0,0.0,0.0,0.0,0.0,0.0
0.0,0.0,-3.0756314797107107,-5.675728915176892,0.0,0.0,0.0,5.012969399962458,0.008230999603835974,0.0,0.0,0.0,0.0,0.0,0.0,0.0,0.0,0.0,0.0,0.0,0.0,0.0
0.0,0.0,-3.1354567304382504,-5.982525072753963,0.0,0.0,0.0,5.022734599959222,0.0003061819639938697,0.0,0.0,0.0,0.0,0.0,0.0,0.0,0.0,0.0,0.0,0.0,0.0,0.0
0.0,0.0,3.1185829417715087,-2.9145634969827827,0.0,0.0,0.0,5.032582599960733,-0.0024695414461961755,0.0,0.0,0.0,0.0,0.0,0.0,0.0,0.0,0.0,0.0,0.0,0.0,0.0
0.0,0.0,3.0679615757712826,-5.062136600022615,0.0,0.0,0.0,5.042368099959276,-0.009457483890138159,0.0,0.0,0.0,0.0,0.0,0.0,0.0,0.0,0.0,0.0,0.0,0.0,0.0
0.0,0.0,3.020408171346827,-4.7553404424455445,0.0,0.0,0.0,5.0523537999579275,-0.014543059986378396,0.0,0.0,0.0,0.0,0.0,0.0,0.0,0.0,0.0,0.0,0.0,0.0,0.0
0.0,0.0,3.0004664211043144,-1.994175024251277,0.0,0.0,0.0,5.062140199956048,-0.012440979647165954,0.0,0.0,0.0,0.0,0.0,0.0,0.0,0.0,0.0,0.0,0.0,0.0,0.0
0.0,0.0,2.9667188437708303,-3.3747577333484102,0.0,0.0,0.0,5.071870999956445,-0.0173323665281597,0.0,0.0,0.0,0.0,0.0,0.0,0.0,0.0,0.0,0.0,0.0,0.0,0.0
0.0,0.0,2.94217515116466,-2.4543692606170175,0.0,0.0,0.0,5.081666299956851,-0.017815529877718457,0.0,0.0,0.0,0.0,0.0,0.0,0.0,0.0,0.0,0.0,0.0,0.0,0.0
0.0,0.0,2.9314372856494604,-1.0737865515199727,0.0,0.0,0.0,5.091665899955842,-0.016982213880329007,0.0,0.0,0.0,0.0,0.0,0.0,0.0,0.0,0.0,0.0,0.0,0.0,0.0
0.0,0.0,2.9237673817100323,-0.7669903939428124,0.0,0.0,0.0,5.1014829999548965,-0.017320281347107138,0.0,0.0,0.0,0.0,0.0,0.0,0.0,0.0,0.0,0.0,0.0,0.0,0.0
0.0,0.0,2.908427573831176,-1.5339807878856246,0.0,0.0,0.0,5.111232699957327,-0.01909546752360193,0.0,0.0,0.0,0.0,0.0,0.0,0.0,0.0,0.0,0.0,0.0,0.0,0.0
0.0,0.0,2.9053596122554044,-0.30679615757716044,0.0,0.0,0.0,5.121127899958083,-0.01838984812318095,0.0,0.0,0.0,0.0,0.0,0.0,0.0,0.0,0.0,0.0,0.0,0.0,0.0
0.0,0.0,2.900757669891748,-0.46019423636565193,0.0,0.0,0.0,5.1310131999598525,-0.018760291709111893,0.0,0.0,0.0,0.0,0.0,0.0,0.0,0.0,0.0,0.0,0.0,0.0,0.0
0.0,0.0,2.8976897083159763,-0.30679615757716044,0.0,0.0,0.0,5.14092819995858,-0.018910536990795458,0.0,0.0,0.0,0.0,0.0,0.0,0.0,0.0,0.0,0.0,0.0,0.0,0.0
0.0,0.0,2.8961557275280905,-0.15339807878858025,0.0,0.0,0.0,5.150833399959083,-0.01897341737930183,0.0,0.0,0.0,0.0,0.0,0.0,0.0,0.0,0.0,0.0,0.0,0.0,0.0
0.0,0.0,2.8946217467402047,-0.15339807878858025,0.0,0.0,0.0,5.160732799962716,-0.019076310096009238,0.0,0.0,0.0,0.0,0.0,0.0,0.0,0.0,0.0,0.0,0.0,0.0,0.0
0.0,0.0,2.893087765952319,-0.15339807878858025,0.0,0.0,0.0,5.1706911999644944,-0.019178926906383953,0.0,0.0,0.0,0.0,0.0,0.0,0.0,0.0,0.0,0.0,0.0,0.0,0.0
0.0,0.0,2.893087765952319,0.0,0.0,0.0,0.0,5.1804764999651525,-0.019155928664494788,0.0,0.0,0.0,0.0,0.0,0.0,0.0,0.0,0.0,0.0,0.0,0.0,0.0
0.0,0.0,2.893087765952319,0.0,0.0,0.0,0.0,5.19038459996591,-0.019155928664494788,0.0,0.0,0.0,0.0,0.0,0.0,0.0,0.0,0.0,0.0,0.0,0.0,0.0
0.0,0.0,2.899223689103862,0.613592315154321,0.0,0.0,0.0,5.200364799966337,-0.018826310132468885,0.0,0.0,0.0,0.0,0.0,0.0,0.0,0.0,0.0,0.0,0.0,0.0,0.0
0.0,0.0,2.902291650679633,0.3067961575770716,0.0,0.0,0.0,5.210153899966826,-0.01854248254741302,0.0,0.0,0.0,0.0,0.0,0.0,0.0,0.0,0.0,0.0,0.0,0.0,0.0
0.0,0.0,2.9130295161948325,1.0737865515199727,0.0,0.0,0.0,5.220060299965553,-0.01810494970723977,0.0,0.0,0.0,0.0,0.0,0.0,0.0,0.0,0.0,0.0,0.0,0.0,0.0
0.0,0.0,2.926835343285803,1.3805827090970446,0.0,0.0,0.0,5.229967399965972,-0.01733793231254534,0.0,0.0,0.0,0.0,0.0,0.0,0.0,0.0,0.0,0.0,0.0,0.0,0.0
0.0,0.0,2.94217515116466,1.5339807878857135,0.0,0.0,0.0,5.239778899966041,-0.016324179254750087,0.0,0.0,0.0,0.0,0.0,0.0,0.0,0.0,0.0,0.0,0.0,0.0,0.0
0.0,0.0,2.951379035891974,0.9203884727313927,0.0,0.0,0.0,5.249715799967817,-0.015239532341563345,0.0,0.0,0.0,0.0,0.0,0.0,0.0,0.0,0.0,0.0,0.0,0.0,0.0
0.0,0.0,2.971320786134487,1.994175024251277,0.0,0.0,0.0,5.259607499967387,-0.014466307565804833,0.0,0.0,0.0,0.0,0.0,0.0,0.0,0.0,0.0,0.0,0.0,0.0,0.0
0.0,0.0,2.9820586516496865,1.0737865515199727,0.0,0.0,0.0,5.269488399968395,-0.012979945524715852,0.0,0.0,0.0,0.0,0.0,0.0,0.0,0.0,0.0,0.0,0.0,0.0,0.0
0.0,0.0,3.005068363467971,2.3009711818284373,0.0,0.0,0.0,5.279333199967368,-0.011944473384180521,0.0,0.0,0.0,0.0,0.0,0.0,0.0,0.0,0.0,0.0,0.0,0.0,0.0
0.0,0.0,3.0265440944983704,2.147573103039946,0.0,0.0,0.0,5.2892260999688006,-0.00998230180142135,0.0,0.0,0.0,0.0,0.0,0.0,0.0,0.0,0.0,0.0,0.0,0.0,0.0
0.0,0.0,3.038815940801455,1.2271846303084644,0.0,0.0,0.0,5.29904929996701,-0.008507162085289214,0.0,0.0,0.0,0.0,0.0,0.0,0.0,0.0,0.0,0.0,0.0,0.0,0.0
0.0,0.0,3.0618256526197394,2.3009711818284373,0.0,0.0,0.0,5.309024799968029,-0.006983900190137751,0.0,0.0,0.0,0.0,0.0,0.0,0.0,0.0,0.0,0.0,0.0,0.0,0.0
0.0,0.0,3.0879033260137954,2.607767339405598,0.0,0.0,0.0,5.318937799969717,-0.004749004531218568,0.0,0.0,0.0,0.0,0.0,0.0,0.0,0.0,0.0,0.0,0.0,0.0,0.0
0.0,0.0,3.1017091531047667,1.3805827090971334,0.0,0.0,0.0,5.3288553999700525,-0.0032766751041690763,0.0,0.0,0.0,0.0,0.0,0.0,0.0,0.0,0.0,0.0,0.0,0.0,0.0
0.0,0.0,3.132388768862479,3.0679615757712497,0.0,0.0,0.0,5.338603199968929,-0.0006155275107470387,0.0,0.0,0.0,0.0,0.0,0.0,0.0,0.0,0.0,0.0,0.0,0.0,0.0
0.0,0.0,-3.120116922559394,3.0679615757712746,0.0,0.0,0.0,5.348533999971551,0.002367758411242052,0.0,0.0,0.0,0.0,0.0,0.0,0.0,0.0,0.0,0.0,0.0,0.0,0.0
0.0,0.0,-3.103243133892652,1.6873788666742051,0.0,0.0,0.0,5.358262899972033,0.0034827582473147684,0.0,0.0,0.0,0.0,0.0,0.0,0.0,0.0,0.0,0.0,0.0,0.0,0.0
0.0,0.0,-3.064893614195511,3.8349519697141066,0.0,0.0,0.0,5.36813139996957,0.008402914193031238,0.0,0.0,0.0,0.0,0.0,0.0,0.0,0.0,0.0,0.0,0.0,0.0,0.0
0.0,0.0,-3.048019825528769,1.6873788666742051,0.0,0.0,0.0,5.378046799971344,0.008213312733065824,0.0,0.0,0.0,0.0,0.0,0.0,0.0,0.0,0.0,0.0,0.0,0.0,0.0
0.0,0.0,-3.0112042866195137,3.6815538909255263,0.0,0.0,0.0,5.387952099972608,0.013643052428459783,0.0,0.0,0.0,0.0,0.0,0.0,0.0,0.0,0.0,0.0,0.0,0.0,0.0
0.0,0.0,-2.9759227284981438,3.5281558121369905,0.0,0.0,0.0,5.397881199973199,0.016772608811477005,0.0,0.0,0.0,0.0,0.0,0.0,0.0,0.0,0.0,0.0,0.0,0.0,0.0
0.0,0.0,-2.9559809782556306,1.9941750242513214,0.0,0.0,0.0,5.407807199972012,0.016059851058598123,0.0,0.0,0.0,0.0,0.0,0.0,0.0,0.0,0.0,0.0,0.0,0.0,0.0
0.0,0.0,-2.9176314585584895,3.8349519697141066,0.0,0.0,0.0,5.41771849997167,0.022868161109342356,0.0,0.0,0.0,0.0,0.0,0.0,0.0,0.0,0.0,0.0,0.0,0.0,0.0
0.0,0.0,-2.8792819388613484,3.8349519697141066,0.0,0.0,0.0,5.427610199971241,0.02625209960628338,0.0,0.0,0.0,0.0,0.0,0.0,0.0,0.0,0.0,0.0,0.0,0.0,0.0
0.0,0.0,-2.8578062078309494,2.1475731030399015,0.0,0.0,0.0,5.437539899969124,0.023599858605235016,0.0,0.0,0.0,0.0,0.0,0.0,0.0,0.0,0.0,0.0,0.0,0.0,0.0
0.0,0.0,-2.8194566881338083,3.8349519697141066,0.0,0.0,0.0,5.447479099966586,0.03110998893507038,0.0,0.0,0.0,0.0,0.0,0.0,0.0,0.0,0.0,0.0,0.0,0.0,0.0
0.0,0.0,-2.779573187648782,3.988350048502643,0.0,0.0,0.0,5.457234099965717,0.03468240856188517,0.0,0.0,0.0,0.0,0.0,0.0,0.0,0.0,0.0,0.0,0.0,0.0,0.0
0.0,0.0,-2.741223667951641,3.8349519697141066,0.0,0.0,0.0,5.466999499964004,0.03659010206880873,0.0,0.0,0.0,0.0,0.0,0.0,0.0,0.0,0.0,0.0,0.0,0.0,0.0
0.0,0.0,-2.7044081290423856,3.6815538909255263,0.0,0.0,0.0,5.476803099965764,0.03807237654111096,0.0,0.0,0.0,0.0,0.0,0.0,0.0,0.0,0.0,0.0,0.0,0.0,0.0
0.0,0.0,-2.6875343403756435,1.6873788666742051,0.0,0.0,0.0,5.486774799966952,0.03197286444420271,0.0,0.0,0.0,0.0,0.0,0.0,0.0,0.0,0.0,0.0,0.0,0.0,0.0
0.0,0.0,-2.6537867630421594,3.3747577333484102,0.0,0.0,0.0,5.4965522999664245,0.039158262780331216,0.0,0.0,0.0,0.0,0.0,0.0,0.0,0.0,0.0,0.0,0.0,0.0,0.0
0.0,0.0,-2.6384469551633027,1.533980787885669,0.0,0.0,0.0,5.506486999966,0.03340936481736153,0.0,0.0,0.0,0.0,0.0,0.0,0.0,0.0,0.0,0.0,0.0,0.0,0.0
0.0,0.0,-2.6093013201934756,2.9145634969827143,0.0,0.0,0.0,5.516315199965902,0.03881419174354682,0.0,0.0,0.0,0.0,0.0,0.0,0.0,0.0,0.0,0.0,0.0,0.0,0.0
0.0,0.0,-2.5970294738903905,1.2271846303085088,0.0,0.0,0.0,5.52623129996573,0.03394551723974668,0.0,0.0,0.0,0.0,0.0,0.0,0.0,0.0,0.0,0.0,0.0,0.0,0.0
0.0,0.0,-2.5740197620721057,2.3009711818284817,0.0,0.0,0.0,5.536045699966053,0.03741400612624617,0.0,0.0,0.0,0.0,0.0,0.0,0.0,0.0,0.0,0.0,0.0,0.0,0.0
0.0,0.0,-2.5632818965569064,1.0737865515199283,0.0,0.0,0.0,5.545947699967655,0.034394192986171884,0.0,0.0,0.0,0.0,0.0,0.0,0.0,0.0,0.0,0.0,0.0,0.0,0.0
0.0,0.0,-2.5387382039507362,2.4543692606170175,0.0,0.0,0.0,5.555891399970278,0.03875034842239765,0.0,0.0,0.0,0.0,0.0,0.0,0.0,0.0,0.0,0.0,0.0,0.0,0.0
0.0,0.0,-2.5326022807991935,0.6135923151542766,0.0,0.0,0.0,5.565801399967313,0.03423743538069265,0.0,0.0,0.0,0.0,0.0,0.0,0.0,0.0,0.0,0.0,0.0,0.0,0.0
0.0,0.0,-2.5233983960718795,0.9203884727313927,0.0,0.0,0.0,5.575744999965536,0.03475608431149007,0.0,0.0,0.0,0.0,0.0,0.0,0.0,0.0,0.0,0.0,0.0,0.0,0.0
0.0,0.0,-2.5203304344961084,0.30679615757711604,0.0,0.0,0.0,5.585589399965102,0.03413334381305165,0.0,0.0,0.0,0.0,0.0,0.0,0.0,0.0,0.0,0.0,0.0,0.0,0.0
0.0,0.0,-2.5157284921324514,0.46019423636569634,0.0,0.0,0.0,5.595399699963309,0.0342916326012475,0.0,0.0,0.0,0.0,0.0,0.0,0.0,0.0,0.0,0.0,0.0,0.0,0.0
0.0,0.0,-2.5141945113445656,0.15339807878858025,0.0,0.0,0.0,5.605219699966256,0.03412724285698484,0.0,0.0,0.0,0.0,0.0,0.0,0.0,0.0,0.0,0.0,0.0,0.0,0.0
0.0,0.0,-2.5141945113445656,0.0,0.0,0.0,0.0,5.615034799964633,0.03409384578254324,0.0,0.0,0.0,0.0,0.0,0.0,0.0,0.0,0.0,0.0,0.0,0.0,0.0
0.0,0.0,-2.518796453708223,-0.46019423636574075,0.0,0.0,0.0,5.624872099964705,0.03417188886637788,0.0,0.0,0.0,0.0,0.0,0.0,0.0,0.0,0.0,0.0,0.0,0.0,0.0
0.0,0.0,-2.5280003384355365,-0.9203884727313483,0.0,0.0,0.0,5.6347835999658855,0.034524686526470894,0.0,0.0,0.0,0.0,0.0,0.0,0.0,0.0,0.0,0.0,0.0,0.0,0.0
0.0,0.0,-2.5402721847386216,-1.2271846303085088,0.0,0.0,0.0,5.644719499967323,0.03484114223884223,0.0,0.0,0.0,0.0,0.0,0.0,0.0,0.0,0.0,0.0,0.0,0.0,0.0
0.0,0.0,-2.5479420886780497,-0.7669903939428124,0.0,0.0,0.0,5.654603599967231,0.034050717911240924,0.0,0.0,0.0,0.0,0.0,0.0,0.0,0.0,0.0,0.0,0.0,0.0,0.0
0.0,0.0,-2.5632818965569064,-1.533980787885669,0.0,0.0,0.0,5.664504699965619,0.035062452422985765,0.0,0.0,0.0,0.0,0.0,0.0,0.0,0.0,0.0,0.0,0.0,0.0,0.0
0.0,0.0,-2.581689666011534,-1.840776945462741,0.0,0.0,0.0,5.674465099964436,0.035414030629710345,0.0,0.0,0.0,0.0,0.0,0.0,0.0,0.0,0.0,0.0,0.0,0.0,0.0
0.0,0.0,-2.6031653970419333,-2.147573103039946,0.0,0.0,0.0,5.6841959999655955,0.03572565838088708,0.0,0.0,0.0,0.0,0.0,0.0,0.0,0.0,0.0,0.0,0.0,0.0,0.0
0.0,0.0,-2.6139032625571326,-1.0737865515199283,0.0,0.0,0.0,5.694179499965685,0.03304260217682276,0.0,0.0,0.0,0.0,0.0,0.0,0.0,0.0,0.0,0.0,0.0,0.0,0.0
0.0,0.0,-2.6261751088602177,-1.2271846303085088,0.0,0.0,0.0,5.704129199966701,0.03293539826671416,0.0,0.0,0.0,0.0,0.0,0.0,0.0,0.0,0.0,0.0,0.0,0.0,0.0
0.0,0.0,-2.6491848206785025,-2.3009711818284817,0.0,0.0,0.0,5.713892399966426,0.03469226645607188,0.0,0.0,0.0,0.0,0.0,0.0,0.0,0.0,0.0,0.0,0.0,0.0,0.0
0.0,0.0,-2.6737285132846726,-2.4543692606170175,0.0,0.0,0.0,5.723839699963719,0.03420094344816535,0.0,0.0,0.0,0.0,0.0,0.0,0.0,0.0,0.0,0.0,0.0,0.0,0.0
0.0,0.0,-2.6860003595877577,-1.2271846303085088,0.0,0.0,0.0,5.733537999964028,0.030905268777799644,0.0,0.0,0.0,0.0,0.0,0.0,0.0,0.0,0.0,0.0,0.0,0.0,0.0
0.0,0.0,-2.710544052193928,-2.4543692606170175,0.0,0.0,0.0,5.743424999964191,0.03255284250207129,0.0,0.0,0.0,0.0,0.0,0.0,0.0,0.0,0.0,0.0,0.0,0.0,0.0
0.0,0.0,-2.744291629527412,-3.3747577333484102,0.0,0.0,0.0,5.753412499965634,0.03382622325436026,0.0,0.0,0.0,0.0,0.0,0.0,0.0,0.0,0.0,0.0,0.0,0.0,0.0
0.0,0.0,-2.7811071684366673,-3.6815538909255263,0.0,0.0,0.0,5.763286599965795,0.03262087197222441,0.0,0.0,0.0,0.0,0.0,0.0,0.0,0.0,0.0,0.0,0.0,0.0,0.0
0.0,0.0,-2.8102528034064944,-2.9145634969827143,0.0,0.0,0.0,5.773174799967819,0.028141545939506424,0.0,0.0,0.0,0.0,0.0,0.0,0.0,0.0,0.0,0.0,0.0,0.0,0.0
0.0,0.0,-2.830194553649008,-1.9941750242513654,0.0,0.0,0.0,5.782970599968394,0.02476735294704404,0.0,0.0,0.0,0.0,0.0,0.0,0.0,0.0,0.0,0.0,0.0,0.0,0.0
0.0,0.0,-2.868544073346149,-3.8349519697141066,0.0,0.0,0.0,5.792821399969398,0.02645601691411697,0.0,0.0,0.0,0.0,0.0,0.0,0.0,0.0,0.0,0.0,0.0,0.0,0.0
0.0,0.0,-2.890019804376548,-2.1475731030399015,0.0,0.0,0.0,5.802784299969062,0.020922147841919012,0.0,0.0,0.0,0.0,0.0,0.0,0.0,0.0,0.0,0.0,0.0,0.0,0.0
0.0,0.0,-2.9360392280131173,-4.601942363656919,0.0,0.0,0.0,5.812709299971175,0.022444310770243798,0.0,0.0,0.0,0.0,0.0,0.0,0.0,0.0,0.0,0.0,0.0,0.0,0.0
0.0,0.0,-2.983592632437572,-4.755340442445456,0.0,0.0,0.0,5.8225484999711625,0.017782033866920694,0.0,0.0,0.0,0.0,0.0,0.0,0.0,0.0,0.0,0.0,0.0,0.0,0.0
0.0,0.0,-3.009670305831628,-2.607767339405598,0.0,0.0,0.0,5.832489399974293,0.011831434865435546,0.0,0.0,0.0,0.0,0.0,0.0,0.0,0.0,0.0,0.0,0.0,0.0,0.0
0.0,0.0,-3.0633596334076256,-5.368932757599775,0.0,0.0,0.0,5.842525599975488,0.00945417522376524,0.0,0.0,0.0,0.0,0.0,0.0,0.0,0.0,0.0,0.0,0.0,0.0,0.0
0.0,0.0,-3.12165090334728,-5.829126993965428,0.0,0.0,0.0,5.8522917999762285,0.0021784422300119236,0.0,0.0,0.0,0.0,0.0,0.0,0.0,0.0,0.0,0.0,0.0,0.0,0.0
0.0,0.0,3.132388768862479,-2.9145634969827827,0.0,0.0,0.0,5.862082499977987,-0.0011476381148641513,0.0,0.0,0.0,0.0,0.0,0.0,0.0,0.0,0.0,0.0,0.0,0.0,0.0
0.0,0.0,3.0771654604985965,-5.522330836388267,0.0,0.0,0.0,5.871810499978892,-0.008876963487409077,0.0,0.0,0.0,0.0,0.0,0.0,0.0,0.0,0.0,0.0,0.0,0.0,0.0
0.0,0.0,3.0234761329225988,-5.368932757599775,0.0,0.0,0.0,5.881602399978874,-0.015396723674051111,0.0,0.0,0.0,0.0,0.0,0.0,0.0,0.0,0.0,0.0,0.0,0.0,0.0
0.0,0.0,2.9989324403164286,-2.4543692606170175,0.0,0.0,0.0,5.891408699979365,-0.013064753032293056,0.0,0.0,0.0,0.0,0.0,0.0,0.0,0.0,0.0,0.0,0.0,0.0,0.0
0.0,0.0,2.952913016679859,-4.601942363656963,0.0,0.0,0.0,5.901179499978753,-0.021543495443443045,0.0,0.0,0.0,0.0,0.0,0.0,0.0,0.0,0.0,0.0,0.0,0.0,0.0
0.0,0.0,2.9145634969827183,-3.8349519697140617,0.0,0.0,0.0,5.911127899980784,-0.023145982394897267,0.0,0.0,0.0,0.0,0.0,0.0,0.0,0.0,0.0,0.0,0.0,0.0,0.0
0.0,0.0,2.8792819388613484,-3.5281558121369905,0.0,0.0,0.0,5.920930799980852,-0.02532798509585254,0.0,0.0,0.0,0.0,0.0,0.0,0.0,0.0,0.0,0.0,0.0,0.0,0.0
0.0,0.0,2.863942130982492,-1.5339807878856246,0.0,0.0,0.0,5.930808599980082,-0.02217525228530899,0.0,0.0,0.0,0.0,0.0,0.0,0.0,0.0,0.0,0.0,0.0,0.0,0.0
0.0,0.0,2.848602323103636,-1.5339807878856246,0.0,0.0,0.0,5.940820499981783,-0.023178928334282863,0.0,0.0,0.0,0.0,0.0,0.0,0.0,0.0,0.0,0.0,0.0,0.0,0.0
0.0,0.0,2.804116880254952,-4.448544284868383,0.0,0.0,0.0,5.950543099981587,-0.034851032897595925,0.0,0.0,0.0,0.0,0.0,0.0,0.0,0.0,0.0,0.0,0.0,0.0,0.0
0.0,0.0,2.7903110531639816,-1.3805827090970446,0.0,0.0,0.0,5.960254099984013,-0.026450705566881467,0.0,0.0,0.0,0.0,0.0,0.0,0.0,0.0,0.0,0.0,0.0,0.0,0.0
0.0,0.0,2.7642333797699257,-2.607767339405598,0.0,0.0,0.0,5.97017329998198,-0.030642565055660598,0.0,0.0,0.0,0.0,0.0,0.0,0.0,0.0,0.0,0.0,0.0,0.0,0.0
0.0,0.0,2.735087744800098,-2.9145634969827587,0.0,0.0,0.0,5.980142599979445,-0.03326887645060424,0.0,0.0,0.0,0.0,0.0,0.0,0.0,0.0,0.0,0.0,0.0,0.0,0.0
0.0,0.0,2.7212819177091276,-1.3805827090970446,0.0,0.0,0.0,5.9899747999807005,-0.02992070898900801,0.0,0.0,0.0,0.0,0.0,0.0,0.0,0.0,0.0,0.0,0.0,0.0,0.0
0.0,0.0,2.6952042443150717,-2.607767339405598,0.0,0.0,0.0,5.999735399978817,-0.03422860274896494,0.0,0.0,0.0,0.0,0.0,0.0,0.0,0.0,0.0,0.0,0.0,0.0,0.0
0.0,0.0,2.6813984172241003,-1.3805827090971334,0.0,0.0,0.0,6.009640499978559,-0.03158359424819497,0.0,0.0,0.0,0.0,0.0,0.0,0.0,0.0,0.0,0.0,0.0,0.0,0.0
0.0,0.0,2.6522527822542736,-2.91456349698267,0.0,0.0,0.0,6.019465199977276,-0.03722831053997889,0.0,0.0,0.0,0.0,0.0,0.0,0.0,0.0,0.0,0.0,0.0,0.0,0.0
0.0,0.0,2.623107147284446,-2.9145634969827587,0.0,0.0,0.0,6.029279999977007,-0.03833936960678404,0.0,0.0,0.0,0.0,0.0,0.0,0.0,0.0,0.0,0.0,0.0,0.0,0.0
0.0,0.0,2.5924275315267336,-3.0679615757712497,0.0,0.0,0.0,6.039239999976417,-0.040038440684419335,0.0,0.0,0.0,0.0,0.0,0.0,0.0,0.0,0.0,0.0,0.0,0.0,0.0
0.0,0.0,2.5755537428599915,-1.6873788666742051,0.0,0.0,0.0,6.048932199977571,-0.03548232900118649,0.0,0.0,0.0,0.0,0.0,0.0,0.0,0.0,0.0,0.0,0.0,0.0,0.0
0.0,0.0,2.544874127102279,-3.0679615757712497,0.0,0.0,0.0,6.058736199978739,-0.04132442126213879,0.0,0.0,0.0,0.0,0.0,0.0,0.0,0.0,0.0,0.0,0.0,0.0,0.0
0.0,0.0,2.51266053055668,-3.221359654559919,0.0,0.0,0.0,6.068668099978822,-0.04276775250371892,0.0,0.0,0.0,0.0,0.0,0.0,0.0,0.0,0.0,0.0,0.0,0.0,0.0
0.0,0.0,2.4957867418899378,-1.6873788666742051,0.0,0.0,0.0,6.078514299977542,-0.036743951620707066,0.0,0.0,0.0,0.0,0.0,0.0,0.0,0.0,0.0,0.0,0.0,0.0,0.0
0.0,0.0,2.4789129532231957,-1.6873788666742051,0.0,0.0,0.0,6.088303799977439,-0.03688340029246142,0.0,0.0,0.0,0.0,0.0,0.0,0.0,0.0,0.0,0.0,0.0,0.0,0.0
0.0,0.0,2.4298255680108554,-4.908738521234035,0.0,0.0,0.0,6.098182799974893,-0.05578459825306385,0.0,0.0,0.0,0.0,0.0,0.0,0.0,0.0,0.0,0.0,0.0,0.0,0.0
0.0,0.0,2.4114177985562275,-1.8407769454627854,0.0,0.0,0.0,6.108101199977682,-0.037507733309663685,0.0,0.0,0.0,0.0,0.0,0.0,0.0,0.0,0.0,0.0,0.0,0.0,0.0
0.0,0.0,2.3776702212227434,-3.3747577333484102,0.0,0.0,0.0,6.118013299979793,-0.044701038590813175,0.0,0.0,0.0,0.0,0.0,0.0,0.0,0.0,0.0,0.0,0.0,0.0,0.0
0.0,0.0,2.3439226438892593,-3.3747577333484102,0.0,0.0,0.0,6.1278470999823185,-0.044541787089953,0.0,0.0,0.0,0.0,0.0,0.0,0.0,0.0,0.0,0.0,0.0,0.0,0.0
0.0,0.0,2.3270488552225173,-1.6873788666742051,0.0,0.0,0.0,6.137864399981481,-0.03628890505720844,0.0,0.0,0.0,0.0,0.0,0.0,0.0,0.0,0.0,0.0,0.0,0.0,0.0
0.0,0.0,2.294835258676919,-3.22135965455983,0.0,0.0,0.0,6.147652699983155,-0.04305424859137063,0.0,0.0,0.0,0.0,0.0,0.0,0.0,0.0,0.0,0.0,0.0,0.0,0.0
0.0,0.0,2.2626216621313207,-3.22135965455983,0.0,0.0,0.0,6.1574744999852555,-0.04253018964208517,0.0,0.0,0.0,0.0,0.0,0.0,0.0,0.0,0.0,0.0,0.0,0.0,0.0
0.0,0.0,2.2457478734645786,-1.6873788666742051,0.0,0.0,0.0,6.167253499985236,-0.03474321935670268,0.0,0.0,0.0,0.0,0.0,0.0,0.0,0.0,0.0,0.0,0.0,0.0,0.0
0.0,0.0,2.2120002961310945,-3.3747577333484102,0.0,0.0,0.0,6.177191099985066,-0.04246755278375454,0.0,0.0,0.0,0.0,0.0,0.0,0.0,0.0,0.0,0.0,0.0,0.0,0.0
0.0,0.0,2.1782527187976104,-3.3747577333484102,0.0,0.0,0.0,6.187147399985406,-0.041605256923514765,0.0,0.0,0.0,0.0,0.0,0.0,0.0,0.0,0.0,0.0,0.0,0.0,0.0
0.0,0.0,2.1613789301308683,-1.6873788666742051,0.0,0.0,0.0,6.1969360999864875,-0.03237800874038794,0.0,0.0,0.0,0.0,0.0,0.0,0.0,0.0,0.0,0.0,0.0,0.0,0.0
0.0,0.0,2.12916533358527,-3.22135965455983,0.0,0.0,0.0,6.206801699987409,-0.039097304710590156,0.0,0.0,0.0,0.0,0.0,0.0,0.0,0.0,0.0,0.0,0.0,0.0,0.0
0.0,0.0,2.113825525706414,-1.5339807878856246,0.0,0.0,0.0,6.216712199984613,-0.03022814608419924,0.0,0.0,0.0,0.0,0.0,0.0,0.0,0.0,0.0,0.0,0.0,0.0,0.0
0.0,0.0,2.0969517370396717,-1.6873788666742051,0.0,0.0,0.0,6.226676199985377,-0.03012253482507924,0.0,0.0,0.0,0.0,0.0,0.0,0.0,0.0,0.0,0.0,0.0,0.0,0.0
0.0,0.0,2.0493983326152163,-4.7553404424455445,0.0,0.0,0.0,6.236507199984771,-0.04910003954642084,0.0,0.0,0.0,0.0,0.0,0.0,0.0,0.0,0.0,0.0,0.0,0.0,0.0
0.0,0.0,2.0217866784332754,-2.7611654181940892,0.0,0.0,0.0,6.246493399983592,-0.03217776459117992,0.0,0.0,0.0,0.0,0.0,0.0,0.0,0.0,0.0,0.0,0.0,0.0,0.0
0.0,0.0,2.007980851342304,-1.3805827090971334,0.0,0.0,0.0,6.256224699984159,-0.025454342727304544,0.0,0.0,0.0,0.0,0.0,0.0,0.0,0.0,0.0,0.0,0.0,0.0,0.0
0.0,0.0,1.9803691971603632,-2.7611654181940892,0.0,0.0,0.0,6.266000699983124,-0.030376822254982092,0.0,0.0,0.0,0.0,0.0,0.0,0.0,0.0,0.0,0.0,0.0,0.0,0.0
0.0,0.0,1.9803691971603632,0.0,0.0,0.0,0.0,6.2759407999838,-0.022069115010015884,0.0,0.0,0.0,0.0,0.0,0.0,0.0,0.0,0.0,0.0,0.0,0.0,0.0
0.0,0.0,1.9435536582511075,-3.6815538909255703,0.0,0.0,0.0,6.285864899982698,-0.03508159729440548,0.0,0.0,0.0,0.0,0.0,0.0,0.0,0.0,0.0,0.0,0.0,0.0,0.0
0.0,0.0,1.9205439464328231,-2.3009711818284373,0.0,0.0,0.0,6.295766499981255,-0.025057859282257896,0.0,0.0,0.0,0.0,0.0,0.0,0.0,0.0,0.0,0.0,0.0,0.0,0.0
0.0,0.0,1.9006021961903095,-1.9941750242513654,0.0,0.0,0.0,6.305654499981756,-0.02263764962506915,0.0,0.0,0.0,0.0,0.0,0.0,0.0,0.0,0.0,0.0,0.0,0.0,0.0
0.0,0.0,1.8898643306751097,-1.0737865515199727,0.0,0.0,0.0,6.315561699982936,-0.01898755660790641,0.0,0.0,0.0,0.0,0.0,0.0,0.0,0.0,0.0,0.0,0.0,0.0,0.0
0.0,0.0,1.8714565612204819,-1.8407769454627854,0.0,0.0,0.0,6.325515999986237,-0.020518585787445226,0.0,0.0,0.0,0.0,0.0,0.0,0.0,0.0,0.0,0.0,0.0,0.0,0.0
0.0,0.0,1.862252676493168,-0.9203884727313927,0.0,0.0,0.0,6.335538199986331,-0.017227171024736705,0.0,0.0,0.0,0.0,0.0,0.0,0.0,0.0,0.0,0.0,0.0,0.0,0.0
0.0,0.0,1.845378887826426,-1.6873788666742051,0.0,0.0,0.0,6.345241999984864,-0.01857070603672209,0.0,0.0,0.0,0.0,0.0,0.0,0.0,0.0,0.0,0.0,0.0,0.0,0.0
0.0,0.0,1.8300390799475696,-1.5339807878856246,0.0,0.0,0.0,6.355217699983768,-0.01721550557215717,0.0,0.0,0.0,0.0,0.0,0.0,0.0,0.0,0.0,0.0,0.0,0.0,0.0
0.0,0.0,1.8146992720687134,-1.5339807878856246,0.0,0.0,0.0,6.365070999985619,-0.016398769676676295,0.0,0.0,0.0,0.0,0.0,0.0,0.0,0.0,0.0,0.0,0.0,0.0,0.0
0.0,0.0,1.8146992720687134,0.0,0.0,0.0,0.0,6.374774599986267,-0.013721275590186072,0.0,0.0,0.0,0.0,0.0,0.0,0.0,0.0,0.0,0.0,0.0,0.0,0.0
0.0,0.0,1.7962915026140855,-1.8407769454627854,0.0,0.0,0.0,6.384678199985501,-0.01655816061390725,0.0,0.0,0.0,0.0,0.0,0.0,0.0,0.0,0.0,0.0,0.0,0.0,0.0
0.0,0.0,1.791689560250429,-0.46019423636565193,0.0,0.0,0.0,6.394640199985588,-0.012744816312257391,0.0,0.0,0.0,0.0,0.0,0.0,0.0,0.0,0.0,0.0,0.0,0.0,0.0
0.0,0.0,1.782485675523115,-0.9203884727313927,0.0,0.0,0.0,6.404397999984212,-0.01297108047040869,0.0,0.0,0.0,0.0,0.0,0.0,0.0,0.0,0.0,0.0,0.0,0.0,0.0
0.0,0.0,1.7763497523715728,-0.6135923151542322,0.0,0.0,0.0,6.414336799985904,-0.01209859323205056,0.0,0.0,0.0,0.0,0.0,0.0,0.0,0.0,0.0,0.0,0.0,0.0,0.0
0.0,0.0,1.7702138292200296,-0.613592315154321,0.0,0.0,0.0,6.4240783999885025,-0.011761732279550952,0.0,0.0,0.0,0.0,0.0,0.0,0.0,0.0,0.0,0.0,0.0,0.0,0.0
0.0,0.0,1.7686798484321447,-0.15339807878849143,0.0,0.0,0.0,6.43404949998876,-0.011256240207005188,0.0,0.0,0.0,0.0,0.0,0.0,0.0,0.0,0.0,0.0,0.0,0.0,0.0
0.0,0.0,1.765611886856373,-0.30679615757716044,0.0,0.0,0.0,6.4438728999884916,-0.011176404352530022,0.0,0.0,0.0,0.0,0.0,0.0,0.0,0.0,0.0,0.0,0.0,0.0,0.0
0.0,0.0,1.765611886856373,0.0,0.0,0.0,0.0,6.453649399987626,-0.01104945100388817,0.0,0.0,0.0,0.0,0.0,0.0,0.0,0.0,0.0,0.0,0.0,0.0,0.0
0.0,0.0,1.7640779060684872,-0.15339807878858025,0.0,0.0,0.0,6.463576199988893,-0.011002728992064347,0.0,0.0,0.0,0.0,0.0,0.0,0.0,0.0,0.0,0.0,0.0,0.0,0.0
0.0,0.0,1.765611886856373,0.15339807878858025,0.0,0.0,0.0,6.473546599987458,-0.011062881047646503,0.0,0.0,0.0,0.0,0.0,0.0,0.0,0.0,0.0,0.0,0.0,0.0,0.0
0.0,0.0,1.765611886856373,0.0,0.0,0.0,0.0,6.483319999988453,-0.01104945100388817,0.0,0.0,0.0,0.0,0.0,0.0,0.0,0.0,0.0,0.0,0.0,0.0,0.0
0.0,0.0,1.765611886856373,0.0,0.0,0.0,0.0,6.4932151999892085,-0.01104945100388817,0.0,0.0,0.0,0.0,0.0,0.0,0.0,0.0,0.0,0.0,0.0,0.0,0.0
0.0,0.0,1.7686798484321447,0.30679615757716044,0.0,0.0,0.0,6.5032384999904025,-0.011296442088226463,0.0,0.0,0.0,0.0,0.0,0.0,0.0,0.0,0.0,0.0,0.0,0.0,0.0
0.0,0.0,1.7686798484321447,0.0,0.0,0.0,0.0,6.512903599992569,-0.011218382556828747,0.0,0.0,0.0,0.0,0.0,0.0,0.0,0.0,0.0,0.0,0.0,0.0,0.0
0.0,0.0,1.7732817907958012,0.46019423636565193,0.0,0.0,0.0,6.522856399995362,-0.011665113009792031,0.0,0.0,0.0,0.0,0.0,0.0,0.0,0.0,0.0,0.0,0.0,0.0,0.0
0.0,0.0,1.7763497523715728,0.30679615757716044,0.0,0.0,0.0,6.532882299994526,-0.011717530075500656,0.0,0.0,0.0,0.0,0.0,0.0,0.0,0.0,0.0,0.0,0.0,0.0,0.0
0.0,0.0,1.7794177139473435,0.3067961575770716,0.0,0.0,0.0,6.542599799991876,-0.011885530275919287,0.0,0.0,0.0,0.0,0.0,0.0,0.0,0.0,0.0,0.0,0.0,0.0,0.0
0.0,0.0,1.784019656311001,0.46019423636574075,0.0,0.0,0.0,6.552408199990168,-0.012252687318012745,0.0,0.0,0.0,0.0,0.0,0.0,0.0,0.0,0.0,0.0,0.0,0.0,0.0
0.0,0.0,1.7886215986746574,0.46019423636565193,0.0,0.0,0.0,6.562328499989235,-0.012503536530941311,0.0,0.0,0.0,0.0,0.0,0.0,0.0,0.0,0.0,0.0,0.0,0.0,0.0
0.0,0.0,1.7901555794625432,0.15339807878858025,0.0,0.0,0.0,6.572134499987442,-0.01240714342664308,0.0,0.0,0.0,0.0,0.0,0.0,0.0,0.0,0.0,0.0,0.0,0.0,0.0
0.0,0.0,1.7932235410383148,0.30679615757716044,0.0,0.0,0.0,6.582108099988545,-0.012638324496381996,0.0,0.0,0.0,0.0,0.0,0.0,0.0,0.0,0.0,0.0,0.0,0.0,0.0
0.0,0.0,1.800893444977743,0.7669903939428124,0.0,0.0,0.0,6.591894199991657,-0.013553450253457366,0.0,0.0,0.0,0.0,0.0,0.0,0.0,0.0,0.0,0.0,0.0,0.0,0.0
0.0,0.0,1.8024274257656288,0.15339807878858025,0.0,0.0,0.0,6.6017507999931695,-0.013072964543162594,0.0,0.0,0.0,0.0,0.0,0.0,0.0,0.0,0.0,0.0,0.0,0.0,0.0
0.0,0.0,1.808563348917171,0.6135923151542322,0.0,0.0,0.0,6.611665199990966,-0.0137496705188182,0.0,0.0,0.0,0.0,0.0,0.0,0.0,0.0,0.0,0.0,0.0,0.0,0.0
0.0,0.0,1.8131652912808276,0.46019423636565193,0.0,0.0,0.0,6.621552499989775,-0.01383092872494607,0.0,0.0,0.0,0.0,0.0,0.0,0.0,0.0,0.0,0.0,0.0,0.0,0.0
0.0,0.0,1.817767233644485,0.46019423636574075,0.0,0.0,0.0,6.631592399990041,-0.014077746295336906,0.0,0.0,0.0,0.0,0.0,0.0,0.0,0.0,0.0,0.0,0.0,0.0,0.0
0.0,0.0,1.8193012144323708,0.15339807878858025,0.0,0.0,0.0,6.64131259998976,-0.013980989503445243,0.0,0.0,0.0,0.0,0.0,0.0,0.0,0.0,0.0,0.0,0.0,0.0,0.0
0.0,0.0,1.8239031567960273,0.46019423636565193,0.0,0.0,0.0,6.651078599992616,-0.014405765777193349,0.0,0.0,0.0,0.0,0.0,0.0,0.0,0.0,0.0,0.0,0.0,0.0,0.0
0.0,0.0,1.8254371375839131,0.15339807878858025,0.0,0.0,0.0,6.66088609999133,-0.014308916742306877,0.0,0.0,0.0,0.0,0.0,0.0,0.0,0.0,0.0,0.0,0.0,0.0,0.0
0.0,0.0,1.826971118371799,0.15339807878858025,0.0,0.0,0.0,6.670710499991401,-0.014390703104545176,0.0,0.0,0.0,0.0,0.0,0.0,0.0,0.0,0.0,0.0,0.0,0.0,0.0
0.0,0.0,1.826971118371799,0.0,0.0,0.0,0.0,6.680494499993074,-0.014377857518584416,0.0,0.0,0.0,0.0,0.0,0.0,0.0,0.0,0.0,0.0,0.0,0.0,0.0
0.0,0.0,1.8285050991596838,0.15339807878849143,0.0,0.0,0.0,6.6903933999928995,-0.01447241026061612,0.0,0.0,0.0,0.0,0.0,0.0,0.0,0.0,0.0,0.0,0.0,0.0,0.0
0.0,0.0,1.8315730607354554,0.30679615757716044,0.0,0.0,0.0,6.700290399992809,-0.01469933171708487,0.0,0.0,0.0,0.0,0.0,0.0,0.0,0.0,0.0,0.0,0.0,0.0,0.0
0.0,0.0,1.834641022311227,0.30679615757716044,0.0,0.0,0.0,6.710230099994078,-0.014862136501394452,0.0,0.0,0.0,0.0,0.0,0.0,0.0,0.0,0.0,0.0,0.0,0.0,0.0
0.0,0.0,1.8361750030991129,0.15339807878858025,0.0,0.0,0.0,6.7199885999943945,-0.014879739906362903,0.0,0.0,0.0,0.0,0.0,0.0,0.0,0.0,0.0,0.0,0.0,0.0,0.0
0.0,0.0,1.843844907038541,0.7669903939428124,0.0,0.0,0.0,6.7299131999971,-0.01584447740601842,0.0,0.0,0.0,0.0,0.0,0.0,0.0,0.0,0.0,0.0,0.0,0.0,0.0
0.0,0.0,1.853048791765855,0.9203884727313927,0.0,0.0,0.0,6.739851999995153,-0.01659375242103853,0.0,0.0,0.0,0.0,0.0,0.0,0.0,0.0,0.0,0.0,0.0,0.0,0.0
0.0,0.0,1.8591847149173972,0.6135923151542322,0.0,0.0,0.0,6.749622499992256,-0.016431400222145984,0.0,0.0,0.0,0.0,0.0,0.0,0.0,0.0,0.0,0.0,0.0,0.0,0.0
0.0,0.0,1.8591847149173972,0.0,0.0,0.0,0.0,6.759529599992675,-0.01607658133145255,0.0,0.0,0.0,0.0,0.0,0.0,0.0,0.0,0.0,0.0,0.0,0.0,0.0
0.0,0.0,1.8990682154024237,3.988350048502643,0.0,0.0,0.0,6.769450599993434,-0.03485155195294092,0.0,0.0,0.0,0.0,0.0,0.0,0.0,0.0,0.0,0.0,0.0,0.0,0.0
0.0,0.0,1.91440802328128,1.5339807878856246,0.0,0.0,0.0,6.779351999994105,-0.02128050796421154,0.0,0.0,0.0,0.0,0.0,0.0,0.0,0.0,0.0,0.0,0.0,0.0,0.0
0.0,0.0,1.9466216198268782,3.22135965455983,0.0,0.0,0.0,6.789182799991977,-0.031240003069625467,0.0,0.0,0.0,0.0,0.0,0.0,0.0,0.0,0.0,0.0,0.0,0.0,0.0
0.0,0.0,1.9865051203119055,3.988350048502731,0.0,0.0,0.0,6.799096799990366,-0.03880591752001617,0.0,0.0,0.0,0.0,0.0,0.0,0.0,0.0,0.0,0.0,0.0,0.0,0.0
0.0,0.0,2.0309905631605893,4.448544284868383,0.0,0.0,0.0,6.808984599989344,-0.044642834361305485,0.0,0.0,0.0,0.0,0.0,0.0,0.0,0.0,0.0,0.0,0.0,0.0,0.0
0.0,0.0,2.0555342557667595,2.4543692606170175,0.0,0.0,0.0,6.818860399987898,-0.031423439414094194,0.0,0.0,0.0,0.0,0.0,0.0,0.0,0.0,0.0,0.0,0.0,0.0,0.0
0.0,0.0,2.1076896025548706,5.215534678811107,0.0,0.0,0.0,6.828748599989922,-0.05484301464384394,0.0,0.0,0.0,0.0,0.0,0.0,0.0,0.0,0.0,0.0,0.0,0.0,0.0
0.0,0.0,2.1353012567368124,2.761165418194178,0.0,0.0,0.0,6.838590499988641,-0.03595055058902183,0.0,0.0,0.0,0.0,0.0,0.0,0.0,0.0,0.0,0.0,0.0,0.0,0.0
0.0,0.0,2.1935925266764666,5.829126993965428,0.0,0.0,0.0,6.848565399988729,-0.06361372975625483,0.0,0.0,0.0,0.0,0.0,0.0,0.0,0.0,0.0,0.0,0.0,0.0,0.0
0.0,0.0,2.22427214243418,3.067961575771339,0.0,0.0,0.0,6.858397899988631,-0.040209985144678356,0.0,0.0,0.0,0.0,0.0,0.0,0.0,0.0,0.0,0.0,0.0,0.0,0.0
0.0,0.0,2.287165354737491,6.28932123033108,0.0,0.0,0.0,6.868171899986919,-0.0698320618353517,0.0,0.0,0.0,0.0,0.0,0.0,0.0,0.0,0.0,0.0,0.0,0.0,0.0
0.0,0.0,2.3500585670408025,6.2893212303311685,0.0,0.0,0.0,6.878147999985231,-0.06953480010583044,0.0,0.0,0.0,0.0,0.0,0.0,0.0,0.0,0.0,0.0,0.0,0.0,0.0
0.0,0.0,2.414485760131999,6.44271930911966,0.0,0.0,0.0,6.887876299984782,-0.07020118365533418,0.0,0.0,0.0,0.0,0.0,0.0,0.0,0.0,0.0,0.0,0.0,0.0,0.0
0.0,0.0,2.4451653758897116,3.0679615757712497,0.0,0.0,0.0,6.897795499986387,-0.0422089631701263,0.0,0.0,0.0,0.0,0.0,0.0,0.0,0.0,0.0,0.0,0.0,0.0,0.0
0.0,0.0,2.5049906266172517,5.982525072754007,0.0,0.0,0.0,6.907758399986051,-0.06265254028150813,0.0,0.0,0.0,0.0,0.0,0.0,0.0,0.0,0.0,0.0,0.0,0.0,0.0
0.0,0.0,2.5648158773447918,5.982525072754007,0.0,0.0,0.0,6.9175074999875505,-0.060033828176219974,0.0,0.0,0.0,0.0,0.0,0.0,0.0,0.0,0.0,0.0,0.0,0.0,0.0
0.0,0.0,2.5924275315267336,2.761165418194178,0.0,0.0,0.0,6.927438099988649,-0.03817589169464692,0.0,0.0,0.0,0.0,0.0,0.0,0.0,0.0,0.0,0.0,0.0,0.0,0.0
0.0,0.0,2.6476508398906162,5.522330836388267,0.0,0.0,0.0,6.937310499990417,-0.05158143035224835,,,,,,,,,,,,,
